EventID,Evaluation Status,Origin Date,Origin Time,Local Magnitude,Moment Magnitude,Latitude (WGS84),Latitude Error (km),Longitude (WGS84),Longitude Error (km),Depth of Hypocenter (Km.  Rel to MSL),Depth of Hypocenter (Km. Rel to Ground Surface),Depth Uncertainty (Km. Corresponds to 1 st dev),RMS,UsedPhaseCount,UsedStationCount,Author,EventType,LocationName,Nodal Plane 1 - Strike,Nodal Plane 1 - Dip,Nodal Plane 1 - Rake,Nodal Plane 2 - Strike,Nodal Plane 2 - Dip,Nodal Plane 2 - Rake,Focal Mechanism Method ID,Focal Mechanism - Azimuthal Gap,Focal Mechanism - Misfit,Maximum Station Distance (km),Minimum Station Distance (km),Last Updated,time
tx2026cdbhtu,final,2026-01-30,23:45:19,2.4,,31.5731,0.3,-104.0285,0.2,8.0,9.0,0.3,0.1,44,33,TXNet,earthquake,Western Texas,,,,,,,,,,29.547543567053104,4.1104070644718105,2026-01-31 03:10:53,2026-01-30 23:45:19
tx2026cckwsn,final,2026-01-30,15:30:16,1.5,,31.6632,0.6,-104.3652,0.3,7.0,8.2,0.8,0.1,24,19,TXNet,earthquake,Western Texas,,,,,,,,,,28.679844982966248,6.056370692461596,2026-01-30 19:15:17,2026-01-30 15:30:16
tx2026ccfyde,final,2026-01-30,13:00:41,1.7,,31.6421,0.4,-104.2383,0.3,7.2,8.2,0.6,0.1,41,29,TXNet,earthquake,Western Texas,,,,,,,,,,28.84105500314603,4.136904893839838,2026-01-30 14:10:46,2026-01-30 13:00:41
tx2026cbyvbz,final,2026-01-30,09:26:49,1.9,,31.4478,0.2,-103.8744,0.3,6.1,7.0,0.6,0.1,49,29,TXNet,earthquake,Western Texas,,,,,,,,,,37.24261778340766,8.628945773077564,2026-01-30 12:33:23,2026-01-30 09:26:49
tx2026cbmhxe,final,2026-01-30,03:08:35,1.6,,31.7173,0.4,-104.2963,0.2,6.0,7.2,0.7,0.1,27,22,TXNet,earthquake,Western Texas,,,,,,,,,,22.38260243007072,5.836986137813638,2026-01-30 14:28:06,2026-01-30 03:08:35
tx2026cawxxs,final,2026-01-29,19:24:16,1.5,,31.6768,0.6,-104.4052,0.4,7.0,8.3,0.7,0.2,31,20,TXNet,earthquake,Western Texas,,,,,,,,,,35.23928258384822,2.004390306562197,2026-01-30 02:38:54,2026-01-29 19:24:16
tx2026cavfcd,final,2026-01-29,18:32:19,2.5,,31.5669,0.3,-104.0233,0.2,8.0,9.0,0.4,0.1,56,37,TXNet,earthquake,Western Texas,,,,,,,,,,33.73503889770017,4.603987593915994,2026-01-29 19:43:35,2026-01-29 18:32:19
tx2026caqozv,final,2026-01-29,16:12:57,1.6,,31.5676,0.3,-104.026,0.3,7.7,8.7,0.4,0.1,36,26,TXNet,earthquake,Western Texas,,,,,,,,,,25.432461323888354,4.507597846379296,2026-01-29 17:13:32,2026-01-29 16:12:57
tx2026bzvape,final,2026-01-29,05:23:16,2.0,,31.6103,0.2,-103.9722,0.2,7.4,8.4,0.3,0.1,59,36,TXNet,earthquake,Western Texas,,,,,,,,,,35.83012083849624,0.31884235309239,2026-01-29 12:54:46,2026-01-29 05:23:16
tx2026bzmpzr,final,2026-01-29,01:09:10,1.7,,31.4478,0.3,-103.8728,0.3,6.4,7.3,1.0,0.2,36,23,TXNet,earthquake,Western Texas,,,,,,,,,,69.6680167480514,8.618229322231706,2026-01-29 02:49:29,2026-01-29 01:09:10
tx2026byumgg,final,2026-01-28,16:01:24,1.5,,31.6524,0.5,-104.437,0.4,6.4,7.7,0.9,0.2,44,29,TXNet,earthquake,Western Texas,,,,,,,,,,51.26838219182646,3.273887507868947,2026-01-28 22:23:29,2026-01-28 16:01:24
tx2026byssmx,final,2026-01-28,15:08:22,1.8,,31.6676,0.5,-104.3634,0.3,6.6,7.7,0.6,0.2,40,27,TXNet,earthquake,Western Texas,,,,,,,,,,37.92249116878051,6.091596276145983,2026-01-28 16:41:20,2026-01-28 15:08:22
tx2026bygmzu,final,2026-01-28,08:59:52,1.7,,31.6447,0.5,-104.425,0.4,5.8,7.1,0.6,0.1,29,24,TXNet,earthquake,Western Texas,,,,,,,,,,36.86645776142274,1.4409975576838454,2026-01-28 14:51:32,2026-01-28 08:59:52
tx2026bygbuz,final,2026-01-28,08:47:38,2.1,,31.617,0.4,-104.0008,0.3,8.7,9.7,0.5,0.1,25,22,TXNet,earthquake,Western Texas,,,,,,,,,,14.30092024397537,1.6338930804073666,2026-01-28 14:25:45,2026-01-28 08:47:38
tx2026byfyru,final,2026-01-28,08:43:56,3.0,,31.6168,0.2,-103.9993,0.2,8.9,9.9,0.3,0.1,50,40,TXNet,earthquake,Western Texas,,,,,,,,,,31.69379662383512,1.7814554555235225,2026-03-18 19:55:20,2026-01-28 08:43:56
tx2026bxzijm,final,2026-01-28,05:23:19,1.8,,31.6545,0.5,-104.3993,0.4,5.5,6.7,0.7,0.1,29,22,TXNet,earthquake,Western Texas,,,,,,,,,,36.6849644158422,3.1072318229487945,2026-01-28 14:44:52,2026-01-28 05:23:19
tx2026bxnnex,final,2026-01-27,23:26:49,1.7,,31.5432,0.4,-104.1399,0.3,8.9,9.9,0.4,0.1,42,28,TXNet,earthquake,Western Texas,,,,,,,,,,30.42225166270053,4.114750634860549,2026-01-28 15:22:22,2026-01-27 23:26:49
tx2026bwznkn,final,2026-01-27,16:24:41,1.8,,31.6856,0.5,-104.4276,0.5,4.9,6.2,0.5,0.2,31,22,TXNet,earthquake,Western Texas,,,,,,,,,,36.93907665259468,0.6099353377982297,2026-01-27 16:56:38,2026-01-27 16:24:41
tx2026bwuynh,final,2026-01-27,14:06:52,1.3,,31.5471,0.5,-104.1333,0.5,7.5,8.5,0.6,0.1,25,16,TXNet,earthquake,Western Texas,,,,,,,,,,22.805566692923747,3.53931213721862,2026-01-27 16:25:00,2026-01-27 14:06:52
tx2026bwacii,final,2026-01-27,03:39:19,1.9,,31.6528,0.3,-104.2174,0.2,6.0,7.1,0.5,0.1,65,40,TXNet,earthquake,Western Texas,,,,,,,,,,37.219731525268045,4.964943398967085,2026-01-27 15:08:12,2026-01-27 03:39:19
tx2026bvjcaj,final,2026-01-26,19:04:15,2.4,,31.5276,0.5,-104.0231,0.2,7.3,8.3,0.4,0.1,40,30,TXNet,earthquake,Western Texas,,,,,,,,,,31.67475393606775,3.043344537673715,2026-01-26 23:01:22,2026-01-26 19:04:15
tx2026bvinjd,final,2026-01-26,18:47:17,1.6,,31.6067,0.3,-103.9672,0.2,8.8,9.8,0.4,0.1,45,26,TXNet,earthquake,Western Texas,,,,,,,,,,28.537773776538685,0.4675899614159038,2026-01-27 00:37:34,2026-01-26 18:47:17
tx2026bvikkn,final,2026-01-26,18:43:48,1.8,,31.5444,0.3,-104.0291,0.2,8.0,9.0,0.4,0.1,42,31,TXNet,earthquake,Western Texas,,,,,,,,,,34.48191888261981,2.588985728247912,2026-01-26 23:02:22,2026-01-26 18:43:48
tx2026bvhlxn,final,2026-01-26,18:15:21,1.5,,31.6553,0.7,-104.4935,0.5,6.1,7.4,0.7,0.2,29,21,TXNet,earthquake,Western Texas,,,,,,,,,,43.01827249018463,1.637582908066777,2026-01-27 15:33:00,2026-01-26 18:15:21
tx2026bvgomv,final,2026-01-26,17:48:11,2.0,,31.6148,0.7,-103.9686,0.4,7.9,8.9,0.5,0.1,21,15,TXNet,earthquake,Western Texas,,,,,,,,,,11.293582569891042,0.4554168591254712,2026-01-26 21:54:47,2026-01-26 17:48:11
tx2026bvehnl,final,2026-01-26,16:42:45,2.1,,31.6297,0.3,-104.144,0.2,6.1,7.1,0.4,0.1,52,35,TXNet,earthquake,Western Texas,,,,,,,,,,35.59165614752417,5.991948618250794,2026-01-26 17:09:03,2026-01-26 16:42:45
tx2026buxinq,final,2026-01-26,13:09:42,1.1,,31.626,0.3,-103.9593,0.3,5.9,6.9,0.5,0.2,47,24,TXNet,earthquake,Western Texas,,,,,,,,,,135.16683259907285,1.923162732681201,2026-01-27 15:16:22,2026-01-26 13:09:42
tx2026bumqcf,final,2026-01-26,07:46:49,2.0,,31.7183,0.3,-104.5255,0.5,5.0,6.2,0.4,0.1,23,15,TXNet,earthquake,Western Texas,,,,,,,,,,41.48561176225888,0.2773265161550381,2026-01-26 15:58:23,2026-01-26 07:46:49
tx2026bufbxg,final,2026-01-26,03:59:04,1.6,,31.3449,0.3,-103.7273,0.2,7.5,8.3,1.1,0.1,31,24,TXNet,earthquake,Western Texas,,,,,,,,,,29.591308699439374,7.294677151765799,2026-01-26 15:33:02,2026-01-26 03:59:04
tx2026buedhd,final,2026-01-26,03:30:28,1.8,,31.7152,0.4,-104.5237,0.8,4.8,6.0,0.5,0.2,32,26,TXNet,earthquake,Western Texas,,,,,,,,,,49.10007988206147,0.574447327278797,2026-01-26 16:28:53,2026-01-26 03:30:28
tx2026btxnkh,final,2026-01-26,00:10:54,1.8,,31.6479,0.5,-104.4288,0.4,6.1,7.3,0.5,0.2,40,27,TXNet,earthquake,Western Texas,,,,,,,,,,61.62018366732073,0.9727145057949544,2026-01-26 03:56:45,2026-01-26 00:10:54
tx2026btwevg,final,2026-01-25,23:30:45,1.7,,31.7096,0.4,-104.4036,0.4,6.8,8.0,0.6,0.2,55,33,TXNet,earthquake,Western Texas,,,,,,,,,,116.7158726516695,3.1229489727833077,2026-01-26 03:35:38,2026-01-25 23:30:45
tx2026btvjyn,final,2026-01-25,23:07:36,1.2,,31.7552,0.2,-103.8435,0.3,7.1,8.0,0.5,0.1,46,35,TXNet,earthquake,Western Texas,,,,,,,,,,25.052890409051635,1.010584827541389,2026-01-26 16:42:09,2026-01-25 23:07:36
tx2026btllfa,final,2026-01-25,18:06:17,1.6,,31.6546,0.5,-104.3869,0.4,6.1,7.3,0.8,0.2,38,27,TXNet,earthquake,Western Texas,,,,,,,,,,41.93224584064056,4.278251748799076,2026-01-26 15:08:14,2026-01-25 18:06:17
tx2026bthcvb,final,2026-01-25,15:55:51,1.7,,31.7148,0.5,-104.5199,0.5,6.0,7.3,0.5,0.2,40,25,TXNet,earthquake,Western Texas,,,,,,,,,,77.24514917649209,0.9018477508452266,2026-01-26 04:36:22,2026-01-25 15:55:51
tx2026btgbhi,final,2026-01-25,15:23:56,1.5,,31.5591,0.3,-104.0185,0.2,7.5,8.5,0.4,0.1,42,26,TXNet,earthquake,Western Texas,,,,,,,,,,33.32176366246318,4.321568208492386,2026-01-25 22:39:02,2026-01-25 15:23:56
tx2026btdewh,final,2026-01-25,13:57:37,1.5,,31.5736,0.3,-104.0263,0.2,8.0,9.0,0.4,0.1,45,28,TXNet,earthquake,Western Texas,,,,,,,,,,35.37373442830859,4.293754805469437,2026-01-25 21:50:24,2026-01-25 13:57:37
tx2026bsylvu,final,2026-01-25,11:36:09,1.6,,32.0676,0.4,-103.7332,0.5,7.3,8.3,0.7,0.1,34,23,TXNet,earthquake,New Mexico,,,,,,,,,,32.64488825318356,3.526168529866025,2026-01-29 21:51:25,2026-01-25 11:36:09
tx2026bsymlq,final,2026-01-25,11:35:29,1.7,,31.7034,0.3,-104.1858,0.2,7.6,8.6,0.6,0.2,41,27,TXNet,earthquake,Western Texas,,,,,,,,,,32.487862967246826,6.875204154854557,2026-01-26 02:40:36,2026-01-25 11:35:29
tx2026bsykhu,final,2026-01-25,11:33:06,2.1,,31.7115,0.3,-104.1759,0.3,7.3,8.4,0.6,0.1,49,34,TXNet,earthquake,Western Texas,,,,,,,,,,29.3822345720645,5.639095691417514,2026-01-25 21:04:21,2026-01-25 11:33:06
tx2026bsygil,final,2026-01-25,11:28:23,1.9,,31.7084,0.3,-104.1836,0.3,7.4,8.4,0.6,0.2,54,35,TXNet,earthquake,Western Texas,,,,,,,,,,33.57973368339106,6.291370467983265,2026-01-25 23:24:31,2026-01-25 11:28:23
tx2026bsyfcr,preliminary,2026-01-25,11:26:56,1.9,,31.6989,0.4,-104.1886,0.4,7.4,8.5,1.2,0.1,26,20,TXNet,earthquake,Western Texas,,,,,,,,,,22.273965271306796,7.44105126543654,2026-01-27 15:37:45,2026-01-25 11:26:56
tx2026bsydlk,final,2026-01-25,11:25:08,3.4,,31.7049,0.3,-104.1784,0.3,6.0,7.0,0.8,0.1,40,27,TXNet,earthquake,Western Texas,,,,,,,,,,24.197508535944557,6.400698514290274,2026-01-25 11:39:52,2026-01-25 11:25:08
tx2026bswfcn,final,2026-01-25,10:26:37,2.0,,31.6594,0.4,-104.3525,0.3,4.8,6.0,0.8,0.1,44,32,TXNet,earthquake,Western Texas,,,,,,,,,,39.71065293348381,7.33106175154817,2026-01-25 22:19:20,2026-01-25 10:26:37
tx2026bsufgm,final,2026-01-25,09:26:45,1.5,,31.7186,0.4,-104.5097,0.7,4.2,5.4,0.8,0.1,25,17,TXNet,earthquake,Western Texas,,,,,,,,,,47.788223039315966,1.76825302123267,2026-01-27 15:53:50,2026-01-25 09:26:45
tx2026bssxil,final,2026-01-25,08:47:15,2.2,,31.7162,0.5,-104.5151,0.7,5.1,6.4,0.6,0.2,34,23,TXNet,earthquake,Western Texas,,,,,,,,,,45.42417457192168,1.2856972776768063,2026-01-26 15:00:48,2026-01-25 08:47:15
tx2026bskunu,final,2026-01-25,04:42:27,0.9,,31.9334,0.3,-104.0569,0.3,5.1,6.1,0.6,0.1,19,13,TXNet,earthquake,Western Texas,,,,,,,,,,20.229841404259517,2.1618038003068625,2026-05-18 16:04:39,2026-01-25 04:42:27
tx2026bsjqzu,final,2026-01-25,04:08:11,1.7,,31.6557,0.7,-104.4962,0.6,5.5,6.9,0.8,0.1,22,17,TXNet,earthquake,Western Texas,,,,,,,,,,41.28301459608981,1.500529151635131,2026-01-27 15:43:04,2026-01-25 04:08:11
tx2026bsdhbc,final,2026-01-25,00:55:36,3.5,,31.7152,0.5,-104.5226,0.8,5.6,6.9,0.6,0.1,35,27,TXNet,earthquake,Western Texas,,,,,,,,,,45.32914695453148,0.6562104388767822,2026-01-25 01:16:44,2026-01-25 00:55:36
tx2026brcsac,final,2026-01-24,11:33:58,1.7,,31.6722,0.5,-104.365,0.3,4.9,6.1,0.8,0.1,29,21,TXNet,earthquake,Western Texas,,,,,,,,,,33.08725283916597,5.83889188082925,2026-01-26 03:04:42,2026-01-24 11:33:58
tx2026bqshod,final,2026-01-24,06:20:31,1.5,,31.5274,0.4,-104.139,0.2,6.4,7.5,0.5,0.1,53,33,TXNet,earthquake,Western Texas,,,,,,,,,,36.26972084211748,5.793151839383447,2026-01-26 16:11:25,2026-01-24 06:20:31
tx2026bqqhpx,final,2026-01-24,05:19:38,1.1,,32.0035,0.3,-103.8071,0.4,7.4,8.3,0.6,0.1,23,14,TXNet,earthquake,New Mexico,,,,,,,,,,19.164872608648487,0.7793984001890665,2026-05-15 16:31:31,2026-01-24 05:19:38
tx2026bqgrwd,final,2026-01-24,00:29:42,1.7,,31.6762,0.4,-104.315,0.2,5.1,6.3,1.1,0.2,43,28,TXNet,earthquake,Western Texas,,,,,,,,,,34.6936333433521,4.77133341848107,2026-01-26 16:14:47,2026-01-24 00:29:42
tx2026bqahgv,final,2026-01-23,21:16:22,1.6,,31.4932,0.4,-103.8837,0.3,7.9,8.9,1.8,0.2,34,22,TXNet,earthquake,Western Texas,,,,,,,,,,30.44943219729789,13.75439576970053,2026-01-24 01:21:52,2026-01-23 21:16:22
tx2026bpstib,final,2026-01-23,17:29:03,1.7,,31.6926,0.3,-104.1643,0.3,5.3,6.3,1.3,0.1,27,17,TXNet,earthquake,Western Texas,,,,,,,,,,16.081668473599876,7.301138867306461,2026-01-23 19:08:19,2026-01-23 17:29:03
tx2026bphfgi,final,2026-01-23,11:40:47,1.8,,31.6429,0.4,-104.2305,0.3,6.8,7.9,0.6,0.2,59,39,TXNet,earthquake,Western Texas,,,,,,,,,,34.88832570841038,4.567333871026997,2026-01-23 15:02:29,2026-01-23 11:40:47
tx2026bpcilg,final,2026-01-23,09:14:09,1.4,,31.6358,0.4,-104.2264,0.4,6.2,7.3,0.7,0.1,43,29,TXNet,earthquake,Western Texas,,,,,,,,,,30.05770899021856,5.405468066342207,2026-01-23 14:09:26,2026-01-23 09:14:09
tx2026bpbhza,final,2026-01-23,08:42:54,1.6,,31.7363,0.6,-104.2573,0.3,6.0,7.1,0.6,0.1,24,20,TXNet,earthquake,Western Texas,,,,,,,,,,21.472029148066262,2.2014235802575888,2026-01-23 14:15:12,2026-01-23 08:42:54
tx2026boxnto,final,2026-01-23,06:48:56,1.5,,31.5259,0.5,-104.0208,0.4,7.7,8.7,0.8,0.1,34,28,TXNet,earthquake,Western Texas,,,,,,,,,,30.487400829330184,3.3063017326364177,2026-01-23 15:13:08,2026-01-23 06:48:56
tx2026bokwea,final,2026-01-23,00:26:38,2.0,,31.65,0.8,-104.452,0.6,7.1,8.4,0.8,0.1,26,21,TXNet,earthquake,Western Texas,,,,,,,,,,37.95448370402364,2.0129665805574244,2026-01-23 14:18:45,2026-01-23 00:26:38
tx2026bofaml,final,2026-01-22,21:30:49,1.6,,31.6139,0.3,-104.1956,0.3,6.1,7.2,0.6,0.2,50,33,TXNet,earthquake,Western Texas,,,,,,,,,,33.94577469132444,7.716766693279534,2026-01-22 22:49:35,2026-01-22 21:30:49
tx2026bnyzll,final,2026-01-22,18:28:27,1.8,,31.6675,0.5,-104.3768,0.3,7.1,8.3,0.7,0.1,31,26,TXNet,earthquake,Western Texas,,,,,,,,,,34.43915900802498,4.863149529301714,2026-01-22 20:04:49,2026-01-22 18:28:27
tx2026bnrjyl,final,2026-01-22,14:39:06,1.5,,31.5777,0.3,-104.0317,0.3,7.7,8.7,0.5,0.1,28,17,TXNet,earthquake,Western Texas,,,,,,,,,,17.82666808285251,3.6980412168215824,2026-01-22 17:02:51,2026-01-22 14:39:06
tx2026bmwnrr,final,2026-01-22,04:09:44,1.5,,31.6534,0.6,-104.4908,0.5,6.1,7.4,0.6,0.2,38,22,TXNet,earthquake,Western Texas,,,,,,,,,,70.45855077198213,1.9349577507497653,2026-01-22 14:49:21,2026-01-22 04:09:44
tx2026bmwkeb,final,2026-01-22,04:05:41,1.6,,31.6101,0.3,-104.1111,0.2,5.7,6.7,0.4,0.1,39,29,TXNet,earthquake,Western Texas,,,,,,,,,,25.91691848182872,3.8166435529701968,2026-01-22 14:01:29,2026-01-22 04:05:41
tx2026bmnsra,final,2026-01-21,23:45:08,0.5,,31.7203,0.3,-103.9907,0.3,6.2,7.2,0.5,0.1,27,18,TXNet,earthquake,Western Texas,,,,,,,,,,26.531444956522925,4.001842502278622,2026-01-22 16:28:55,2026-01-21 23:45:08
tx2026bmnhkk,final,2026-01-21,23:30:53,1.8,,31.6349,0.5,-104.2958,0.3,5.3,6.5,1.6,0.1,28,24,TXNet,earthquake,Western Texas,,,,,,,,,,24.888128537251152,5.023722375728577,2026-01-22 14:31:24,2026-01-21 23:30:53
tx2026bmcdmu,final,2026-01-21,17:54:47,1.7,,31.6515,0.7,-104.4353,0.5,6.8,8.0,0.7,0.2,29,21,TXNet,earthquake,Western Texas,,,,,,,,,,36.37585522172685,0.606851516189789,2026-01-21 19:39:22,2026-01-21 17:54:47
tx2026blrpgh,final,2026-01-21,12:35:52,2.1,,31.6694,0.7,-104.3682,0.5,6.9,8.1,1.0,0.1,24,17,TXNet,earthquake,Western Texas,,,,,,,,,,28.595354749982757,5.597697704092584,2026-01-21 19:44:34,2026-01-21 12:35:52
tx2026blrops,final,2026-01-21,12:35:26,1.8,,31.6727,0.6,-104.3537,0.4,6.1,7.3,0.9,0.2,37,26,TXNet,earthquake,Western Texas,,,,,,,,,,32.37695428229296,6.891119363837235,2026-01-21 15:47:28,2026-01-21 12:35:26
tx2026blrnim,final,2026-01-21,12:34:25,2.1,,31.6709,0.5,-104.3591,0.3,5.9,7.1,0.7,0.2,45,28,TXNet,earthquake,Western Texas,,,,,,,,,,37.58478706702457,6.417609786771132,2026-01-21 14:16:04,2026-01-21 12:34:25
tx2026blrhfm,final,2026-01-21,12:30:54,2.8,,31.6672,1.0,-104.3633,0.4,8.8,10.0,1.2,0.2,23,21,TXNet,earthquake,Western Texas,,,,,,,,,,28.31260590910857,6.104029209988388,2026-01-21 13:58:21,2026-01-21 12:30:54
tx2026blrkqz,final,2026-01-21,12:30:48,2.5,,31.6626,0.6,-104.3595,0.4,6.7,7.8,0.9,0.2,43,29,TXNet,earthquake,Western Texas,,,,,,,,,,39.175974656459296,6.588931999216771,2026-01-21 13:42:05,2026-01-21 12:30:48
tx2026blrhhd,final,2026-01-21,12:26:59,1.6,,31.6681,0.7,-104.3574,0.4,6.1,7.3,1.1,0.2,42,27,TXNet,earthquake,Western Texas,,,,,,,,,,37.37903054424864,6.626638101015421,2026-01-21 14:30:35,2026-01-21 12:26:59
tx2026blrdxi,final,2026-01-21,12:23:03,3.2,,31.6672,0.6,-104.3574,0.4,6.7,7.8,1.1,0.1,35,32,TXNet,earthquake,Western Texas,,,,,,,,,,32.3149640785196,6.649086577968586,2026-01-21 12:42:53,2026-01-21 12:23:03
tx2026blqytz,final,2026-01-21,12:20:14,3.0,,31.6679,0.7,-104.3609,0.4,6.5,7.7,1.1,0.1,30,29,TXNet,earthquake,Western Texas,,,,,,,,,,29.10076671400865,6.308825770253511,2026-01-21 12:34:04,2026-01-21 12:20:14
tx2026bloavo,final,2026-01-21,10:51:55,2.1,,31.6961,0.5,-104.4422,0.7,5.7,7.0,0.5,0.2,37,21,TXNet,earthquake,Western Texas,,,,,,,,,,38.37069973728121,2.337865565259597,2026-01-21 14:23:22,2026-01-21 10:51:55
tx2026blnhaf,final,2026-01-21,10:25:57,1.5,,31.6575,0.5,-104.3953,0.5,5.9,7.1,1.2,0.2,39,25,TXNet,earthquake,Western Texas,,,,,,,,,,36.18255926036196,3.484714471726471,2026-01-21 14:36:55,2026-01-21 10:25:57
tx2026blbxsv,final,2026-01-21,04:43:17,2.1,,31.5692,0.3,-104.015,0.2,7.1,8.1,0.4,0.2,56,37,TXNet,earthquake,Western Texas,,,,,,,,,,35.44662868569207,5.323167346437301,2026-01-21 14:08:25,2026-01-21 04:43:17
tx2026bknhec,final,2026-01-20,21:21:39,1.6,,31.533,0.5,-103.7355,0.5,5.5,6.4,2.5,0.2,41,25,TXNet,earthquake,Western Texas,,,,,,,,,,38.14687962283512,10.7295488668972,2026-01-20 22:40:13,2026-01-20 21:21:39
tx2026birwhs,final,2026-01-19,21:30:57,1.5,,31.6708,0.8,-104.3774,0.3,7.3,8.5,1.0,0.2,31,17,TXNet,earthquake,Western Texas,,,,,,,,,,64.6674044387788,4.718553002143006,2026-02-17 04:30:03,2026-01-19 21:30:57
tx2026bigwhw,final,2026-01-19,16:00:42,1.5,,31.5245,0.6,-104.0176,0.5,7.1,8.1,0.7,0.1,30,22,TXNet,earthquake,Western Texas,,,,,,,,,,28.59659826343649,3.645008981573785,2026-01-21 20:51:10,2026-01-19 16:00:42
tx2026bigirb,final,2026-01-19,15:45:53,2.8,,31.5375,0.4,-104.0132,0.3,6.8,7.8,0.6,0.1,50,28,TXNet,earthquake,Western Texas,,,,,,,,,,32.53536008163214,3.88333474642124,2026-01-21 00:07:07,2026-01-19 15:45:53
tx2026bhgtfl,final,2026-01-19,02:51:23,1.5,,31.5291,0.5,-104.0246,0.4,7.1,8.1,0.6,0.1,36,26,TXNet,earthquake,Western Texas,,,,,,,,,,30.052989913168314,2.865963210657376,2026-01-21 20:47:32,2026-01-19 02:51:23
tx2026bgczdd,final,2026-01-18,11:52:48,1.2,,32.0219,0.3,-103.7733,0.3,6.3,7.3,0.6,0.0,14,7,TXNet,earthquake,New Mexico,,,,,,,,,,11.27992745447384,3.7515002938613766,2026-01-20 20:19:10,2026-01-18 11:52:48
tx2026bgbpzx,final,2026-01-18,11:11:56,1.1,,31.8773,0.4,-103.9492,0.6,6.4,7.3,1.7,0.3,34,23,TXNet,earthquake,Western Texas,,,,,,,,,,156.34624427157686,6.289253878067761,2026-01-20 19:16:21,2026-01-18 11:11:56
tx2026bgamdx,final,2026-01-18,10:37:10,1.1,,32.0034,0.2,-103.8154,0.4,6.6,7.5,0.6,0.3,24,15,TXNet,earthquake,New Mexico,,,,,,,,,,56.83779970288564,1.413382810512231,2026-01-20 20:32:34,2026-01-18 10:37:10
tx2026bfwrif,final,2026-01-18,08:42:37,1.5,,32.0017,0.4,-103.8217,0.4,8.3,9.2,0.6,0.3,41,24,TXNet,earthquake,New Mexico,,,,,,,,,,58.95953526883734,1.9293444679772616,2026-01-20 19:01:42,2026-01-18 08:42:37
tx2026bfqued,final,2026-01-18,05:44:53,1.6,,31.531,0.5,-104.0198,0.3,6.8,7.8,0.5,0.3,58,31,TXNet,earthquake,Western Texas,,,,,,,,,,123.7854602785056,3.280004124042677,2026-01-27 18:28:49,2026-01-18 05:44:53
tx2026bfnsgd,final,2026-01-18,04:12:08,1.5,,31.6489,0.3,-104.1261,0.4,1.9,2.9,1.1,0.2,46,26,TXNet,earthquake,Western Texas,,,,,,,,,,126.10401061658284,5.328922432532177,2026-01-27 18:03:26,2026-01-18 04:12:08
tx2026bfctkj,final,2026-01-17,22:41:40,1.6,,31.5289,0.7,-104.0265,0.8,6.8,7.8,1.2,0.2,17,13,TXNet,earthquake,Western Texas,,,,,,,,,,23.245164300879495,2.698879222697018,2026-01-27 17:34:45,2026-01-17 22:41:40
tx2026bfaxtb,Automatic,2026-01-17,21:46:15,1.6,,31.6389,1.9,-104.4419,1.1,5.7,6.9,3.1,0.5,42,22,TXNet,earthquake,Western Texas,,,,,,,,,,107.71288562089204,2.131468681041151,2026-01-17 21:49:51,2026-01-17 21:46:15
tx2026bezdjq,final,2026-01-17,20:52:27,1.5,,31.6129,0.3,-104.0955,0.4,7.2,8.3,0.6,0.1,50,32,TXNet,earthquake,Western Texas,,,,,,,,,,30.06316278949018,3.614452749571381,2026-01-21 21:00:54,2026-01-17 20:52:27
tx2026beqhxz,final,2026-01-17,16:26:12,2.0,,31.5345,0.4,-104.0151,0.2,6.6,7.6,0.5,0.1,39,25,TXNet,earthquake,Western Texas,,,,,,,,,,29.89541634541901,3.6953634449229207,2026-02-25 21:24:17,2026-01-17 16:26:12
tx2026belnye,final,2026-01-17,14:02:19,1.8,,31.5305,0.5,-104.015,0.3,7.4,8.4,0.5,0.3,65,37,TXNet,earthquake,Western Texas,,,,,,,,,,130.9455567925987,3.741687913396419,2026-02-25 21:10:40,2026-01-17 14:02:19
tx2026bekwve,final,2026-01-17,13:42:28,1.6,,31.5259,0.4,-104.0214,0.4,8.5,9.5,0.8,0.2,56,31,TXNet,earthquake,Western Texas,,,,,,,,,,123.29819202628929,3.257802010589236,2026-02-25 21:09:41,2026-01-17 13:42:28
tx2026beizfk,final,2026-01-17,12:44:57,2.3,,31.5388,0.5,-104.0182,0.3,7.8,8.8,0.6,0.2,67,38,TXNet,earthquake,Western Texas,,,,,,,,,,124.47789549188803,3.427250076339629,2026-01-27 18:25:03,2026-01-17 12:44:57
tx2026beiwut,preliminary,2026-01-17,12:42:06,3.1,,31.5338,0.3,-104.0181,0.3,6.7,7.7,0.5,0.1,34,19,TXNet,earthquake,Western Texas,,,,,,,,,,36.1412169954415,3.4170128477578943,2026-01-17 12:55:48,2026-01-17 12:42:06
tx2026behyrq,final,2026-01-17,12:14:06,1.7,,31.3285,0.3,-103.6888,0.2,8.8,9.6,0.8,0.1,23,12,TXNet,earthquake,Western Texas,,,,,,,,,,21.550901668613456,8.004598357304713,2026-02-25 20:04:42,2026-01-17 12:14:06
tx2026behaxl,final,2026-01-17,11:46:40,1.8,,31.5314,0.4,-104.0203,0.2,7.2,8.2,0.4,0.2,64,34,TXNet,earthquake,Western Texas,,,,,,,,,,123.78114652449926,3.2227340809972618,2026-07-08 07:29:47,2026-01-17 11:46:40
tx2026begtrh,final,2026-01-17,11:38:06,1.8,,31.6543,0.4,-104.2809,0.3,7.0,8.1,0.7,0.3,65,39,TXNet,earthquake,Western Texas,,,,,,,,,,117.58345954409891,2.448491808397436,2026-01-27 17:19:05,2026-01-17 11:38:06
tx2026befsqn,final,2026-01-17,11:06:44,1.2,,31.7627,0.5,-104.2155,0.3,5.9,7.0,0.9,0.2,23,13,TXNet,earthquake,Western Texas,,,,,,,,,,50.74130247863957,3.7795467243887058,2026-01-20 21:47:26,2026-01-17 11:06:44
tx2026beevsz,final,2026-01-17,10:40:27,1.5,,31.6549,0.4,-104.2653,0.3,7.2,8.3,0.5,0.2,43,23,TXNet,earthquake,Western Texas,,,,,,,,,,118.4860869732097,1.863075018990035,2026-01-27 15:54:21,2026-01-17 10:40:27
tx2026becroa,final,2026-01-17,09:35:07,1.7,,31.6218,0.4,-104.3398,0.2,2.5,3.7,1.1,0.2,43,25,TXNet,earthquake,Western Texas,,,,,,,,,,111.4462679857796,9.007573734949297,2026-01-27 15:52:01,2026-01-17 09:35:07
tx2026bdyhsn,final,2026-01-17,07:23:02,1.6,,31.5287,0.5,-104.0235,0.4,8.5,9.5,0.9,0.2,47,27,TXNet,earthquake,Western Texas,,,,,,,,,,123.3486193461052,2.977087883138887,2026-02-25 21:47:16,2026-01-17 07:23:02
tx2026bdybgx,final,2026-01-17,07:15:23,2.0,,31.5342,0.4,-104.0166,0.3,7.3,8.3,0.6,0.2,64,37,TXNet,earthquake,Western Texas,,,,,,,,,,124.2519966262573,3.555939005431238,2026-02-25 21:10:13,2026-01-17 07:15:23
tx2026bdwynm,final,2026-01-17,06:42:01,2.4,,31.5388,0.5,-104.0161,0.3,6.1,7.1,0.5,0.1,38,23,TXNet,earthquake,Western Texas,,,,,,,,,,27.80872225502505,3.629810762743583,2026-01-26 17:22:56,2026-01-17 06:42:01
tx2026bduvqk,final,2026-01-17,05:38:23,1.7,,31.5319,0.6,-104.0187,0.3,7.1,8.1,0.6,0.3,63,35,TXNet,earthquake,Western Texas,,,,,,,,,,123.9295775526481,3.368901753607862,2026-07-08 07:31:59,2026-01-17 05:38:23
tx2026bdudcn,final,2026-01-17,05:17:23,2.3,,31.5388,0.5,-104.0182,0.3,7.5,8.5,0.6,0.2,75,40,TXNet,earthquake,Western Texas,,,,,,,,,,124.47789549188803,3.427250076339629,2026-01-27 18:26:04,2026-01-17 05:17:23
tx2026bdmxcd,final,2026-01-17,01:38:40,1.9,,31.4331,0.3,-103.7468,0.2,5.5,6.4,2.2,0.2,37,25,TXNet,earthquake,Western Texas,,,,,,,,,,138.2325786710839,13.373074127098992,2026-01-20 18:42:07,2026-01-17 01:38:40
tx2026bdjzat,final,2026-01-17,00:10:23,1.8,,31.6614,0.5,-104.3673,0.3,6.6,7.8,0.8,0.1,39,30,TXNet,earthquake,Western Texas,,,,,,,,,,34.166477285966614,5.934446384798403,2026-01-17 04:25:00,2026-01-17 00:10:23
tx2026bczueq,final,2026-01-16,19:03:51,1.6,,31.5481,0.4,-104.142,0.3,8.9,10.0,0.5,0.2,61,31,TXNet,earthquake,Western Texas,,,,,,,,,,116.76648409291182,3.693232315955589,2026-01-27 18:04:33,2026-01-16 19:03:51
tx2026bcxnzu,final,2026-01-16,17:57:18,1.8,,31.6552,0.5,-104.4321,0.6,6.1,7.3,0.6,0.2,44,25,TXNet,earthquake,Western Texas,,,,,,,,,,110.10083979380173,0.1088164903127907,2026-01-27 17:17:29,2026-01-16 17:57:18
tx2026bcwaou,final,2026-01-16,17:09:46,1.7,,31.5507,0.4,-104.1376,0.4,8.1,9.1,0.4,0.1,30,17,TXNet,earthquake,Western Texas,,,,,,,,,,22.99241387005486,3.259105148439544,2026-01-27 18:22:33,2026-01-16 17:09:46
tx2026bcqhei,final,2026-01-16,14:16:27,1.5,,32.006,0.3,-103.7924,0.3,9.5,10.5,0.7,0.1,22,15,TXNet,earthquake,New Mexico,,,,,,,,,,31.0133999977952,1.2230077199710283,2026-02-17 04:38:48,2026-01-16 14:16:27
tx2026bcnkyh,final,2026-01-16,12:50:14,1.5,,31.6277,0.7,-104.547,0.6,7.4,8.8,0.8,0.1,18,12,TXNet,earthquake,Western Texas,,,,,,,,,,38.48247196793525,6.316783931542205,2026-01-16 16:30:20,2026-01-16 12:50:14
tx2026bcipyy,final,2026-01-16,10:25:32,1.3,,32.0062,0.3,-103.7978,0.3,8.1,9.1,0.6,0.2,21,14,TXNet,earthquake,New Mexico,,,,,,,,,,106.36023399398572,0.9525623813424527,2026-01-16 17:40:45,2026-01-16 10:25:32
tx2026bcgkdc,final,2026-01-16,09:18:24,1.1,,31.5463,0.6,-104.0427,0.6,7.0,8.0,1.0,0.2,26,14,TXNet,earthquake,Western Texas,,,,,,,,,,25.717372197416225,1.6617421932886656,2026-01-22 20:37:24,2026-01-16 09:18:24
tx2026bbuxei,final,2026-01-16,03:31:18,1.7,,31.5282,0.4,-104.0133,0.3,7.0,8.0,0.6,0.2,42,26,TXNet,earthquake,Western Texas,,,,,,,,,,34.13310272113887,3.934597647715997,2026-05-14 16:57:41,2026-01-16 03:31:18
tx2026bbsbqt,final,2026-01-16,02:05:54,3.2,,31.5327,0.3,-104.01,0.2,6.2,7.2,0.4,0.1,50,31,TXNet,earthquake,Western Texas,,,,,,,,,,32.860747063880886,4.187528439845764,2026-01-16 03:10:50,2026-01-16 02:05:54
tx2026bbrzai,final,2026-01-16,02:04:08,1.6,,31.5295,0.4,-104.0108,0.3,6.7,7.6,0.5,0.2,48,26,TXNet,earthquake,Western Texas,,,,,,,,,,131.35377186925737,4.149268443602791,2026-02-07 04:17:54,2026-01-16 02:04:08
tx2026bbqpri,Automatic,2026-01-16,01:21:45,1.8,,32.0128,0.8,-103.8033,0.9,4.8,5.8,1.0,0.5,60,32,TXNet,earthquake,New Mexico,,,,,,,,,,105.39405864357948,1.615043273004703,2026-01-16 01:25:30,2026-01-16 01:21:45
tx2026bbnuns,final,2026-01-15,23:57:14,1.7,,31.6311,0.4,-104.2772,0.2,5.2,6.3,1.1,0.2,38,30,TXNet,earthquake,Western Texas,,,,,,,,,,29.3198615223699,4.65357794466641,2026-05-14 17:16:01,2026-01-15 23:57:14
tx2026bbnjsw,final,2026-01-15,23:44:16,1.3,,32.0072,0.4,-103.8044,0.5,7.4,8.3,0.7,0.2,24,14,TXNet,earthquake,New Mexico,,,,,,,,,,20.901470883487487,1.0280956147342644,2026-05-15 16:52:02,2026-01-15 23:44:16
tx2026bbmynz,Automatic,2026-01-15,23:31:28,1.9,,32.0143,1.0,-103.8035,1.0,5.9,6.8,2.0,0.5,41,22,TXNet,earthquake,New Mexico,,,,,,,,,,105.27937888473272,1.78207543451339,2026-01-15 23:37:37,2026-01-15 23:31:28
tx2026bbmbio,final,2026-01-15,23:04:26,1.6,,31.5264,0.4,-104.0112,0.3,6.8,7.8,0.6,0.2,42,22,TXNet,earthquake,Western Texas,,,,,,,,,,124.06048985656936,4.177361304859638,2026-02-25 21:12:38,2026-01-15 23:04:26
tx2026bbjczn,final,2026-01-15,21:35:51,1.5,,31.6603,0.7,-104.5016,0.7,8.1,9.4,0.9,0.3,25,15,TXNet,earthquake,Western Texas,,,,,,,,,,107.60125140074892,0.932598472774389,2026-02-17 04:47:55,2026-01-15 21:35:51
tx2026bbijau,final,2026-01-15,21:12:43,1.6,,32.0025,0.3,-103.8027,0.5,7.8,8.7,0.5,0.2,27,17,TXNet,earthquake,New Mexico,,,,,,,,,,59.708410997198975,0.4796583222723111,2026-01-16 16:32:40,2026-01-15 21:12:43
tx2026bbhmbu,final,2026-01-15,20:46:45,1.8,,31.5466,0.4,-104.143,0.5,8.0,9.1,0.7,0.1,28,18,TXNet,earthquake,Western Texas,,,,,,,,,,23.261663812266814,8.013130638622716,2026-01-27 18:23:44,2026-01-15 20:46:45
tx2026bbhjor,final,2026-01-15,20:43:12,1.0,,31.5283,0.8,-104.1641,0.9,8.4,9.4,1.7,0.2,15,12,TXNet,earthquake,Western Texas,,,,,,,,,,25.998921965930023,6.637331578624005,2026-01-29 17:59:30,2026-01-15 20:43:12
tx2026bbgxcs,final,2026-01-15,20:28:49,1.7,,31.5503,0.4,-104.1344,0.6,7.9,9.0,0.5,0.1,33,21,TXNet,earthquake,Western Texas,,,,,,,,,,25.567439194253573,3.2146319414585607,2026-01-15 23:36:01,2026-01-15 20:28:49
tx2026bbfqma,final,2026-01-15,19:50:48,1.6,,31.5292,0.5,-104.0085,0.3,6.1,7.1,0.5,0.2,64,38,TXNet,earthquake,Western Texas,,,,,,,,,,63.89910106731578,4.369316026674329,2026-01-15 23:07:32,2026-01-15 19:50:48
tx2026bbfhzz,final,2026-01-15,19:40:58,2.2,,31.6879,0.4,-104.3528,0.3,6.1,7.3,0.7,0.2,65,44,TXNet,earthquake,Western Texas,,,,,,,,,,58.078874885855214,6.980348904242007,2026-01-15 22:37:40,2026-01-15 19:40:58
tx2026baycyl,final,2026-01-15,16:03:54,1.6,,31.6962,0.6,-104.3566,0.3,6.8,8.0,0.8,0.3,53,32,TXNet,earthquake,Western Texas,,,,,,,,,,65.7581789312403,6.7980346474257285,2026-01-15 17:27:40,2026-01-15 16:03:54
tx2026bamsog,final,2026-01-15,10:22:32,1.6,,31.6687,0.5,-104.3749,0.3,6.5,7.7,0.6,0.2,45,27,TXNet,earthquake,Western Texas,,,,,,,,,,40.37269779512911,4.99823618990205,2026-01-15 13:21:20,2026-01-15 10:22:32
tx2026bafabl,final,2026-01-15,06:27:22,2.0,,31.7215,0.3,-104.2723,0.3,6.1,7.2,0.6,0.2,49,34,TXNet,earthquake,Western Texas,,,,,,,,,,29.79083251491997,4.182123209808314,2026-01-15 12:57:03,2026-01-15 06:27:22
tx2026azlcmp,final,2026-01-14,20:26:50,1.8,,31.4514,0.3,-103.9002,0.4,5.1,6.1,1.6,0.3,41,23,TXNet,earthquake,Western Texas,,,,,,,,,,127.1500946517316,9.53897371257827,2026-01-15 13:44:58,2026-01-14 20:26:50
tx2026azjeci,final,2026-01-14,19:28:12,1.6,,31.6368,0.5,-104.4406,0.4,6.9,8.2,0.5,0.3,36,23,TXNet,earthquake,Western Texas,,,,,,,,,,107.91652991611822,2.307932622289808,2026-01-15 13:40:06,2026-01-14 19:28:12
tx2026azebrw,final,2026-01-14,16:54:31,2.0,,31.4804,0.5,-104.0217,0.5,4.3,5.3,1.3,0.2,39,26,TXNet,earthquake,Western Texas,,,,,,,,,,33.095886030731656,6.799592956027127,2026-01-14 17:54:43,2026-01-14 16:54:31
tx2026azaokq,final,2026-01-14,15:08:36,1.7,,31.6083,0.3,-104.1052,0.2,6.1,7.1,0.4,0.2,81,46,TXNet,earthquake,Western Texas,,,,,,,,,,144.3853910368143,3.880185090975957,2026-01-14 16:11:55,2026-01-14 15:08:36
tx2026aykxzz,final,2026-01-14,07:17:00,1.5,,31.5443,0.6,-104.1413,0.5,8.4,9.5,0.7,0.1,17,11,TXNet,earthquake,Western Texas,,,,,,,,,,14.830841004462036,4.055822687530041,2026-01-14 12:00:56,2026-01-14 07:17:00
tx2026aykbzj,final,2026-01-14,06:51:25,1.3,,32.0583,0.4,-103.7494,0.4,7.6,8.6,0.9,0.1,13,9,TXNet,earthquake,New Mexico,,,,,,,,,,34.24671128227587,2.86083701087261,2026-01-14 12:45:44,2026-01-14 06:51:25
tx2026aygaac,final,2026-01-14,04:48:27,1.0,,32.0561,0.4,-103.6986,0.3,7.1,8.1,0.8,0.1,15,11,TXNet,earthquake,New Mexico,,,,,,,,,,34.861880632034534,4.076811422795026,2026-01-14 13:33:10,2026-01-14 04:48:27
tx2026ayfikq,final,2026-01-14,04:28:01,1.6,,31.5731,0.3,-104.0239,0.3,8.0,9.0,0.5,0.1,29,19,TXNet,earthquake,Western Texas,,,,,,,,,,22.523248077765206,4.528749434888089,2026-01-14 06:17:17,2026-01-14 04:28:01
tx2026aybrvd,final,2026-01-14,02:38:27,1.9,,31.5738,0.3,-104.025,0.3,7.6,8.6,0.5,0.1,32,17,TXNet,earthquake,Western Texas,,,,,,,,,,19.615371889811293,4.411093262020913,2026-01-14 11:44:55,2026-01-14 02:38:27
tx2026axnttm,final,2026-01-13,19:38:05,1.5,,31.6945,0.8,-104.3644,0.3,6.2,7.4,0.8,0.3,43,27,TXNet,earthquake,Western Texas,,,,,,,,,,43.89164420715504,6.037309140715578,2026-01-13 22:07:13,2026-01-13 19:38:05
tx2026awpoej,final,2026-01-13,07:27:30,2.0,,31.5712,0.3,-104.0278,0.3,7.4,8.4,0.5,0.1,42,31,TXNet,earthquake,Western Texas,,,,,,,,,,27.46296832393204,4.2358342107425,2026-01-13 13:53:10,2026-01-13 07:27:30
tx2026awgaqz,final,2026-01-13,02:40:14,1.9,,31.663,0.5,-104.3638,0.3,6.9,8.0,0.7,0.2,52,28,TXNet,earthquake,Western Texas,,,,,,,,,,114.09276709856272,6.1853601447539,2026-01-13 13:53:59,2026-01-13 02:40:14
tx2026awftyf,final,2026-01-13,02:32:27,2.7,,31.6651,0.4,-104.3652,0.3,6.7,7.9,0.6,0.2,73,42,TXNet,earthquake,Western Texas,,,,,,,,,,63.46148161098584,5.993874878586848,2026-01-13 13:50:06,2026-01-13 02:32:27
tx2026awdxjn,final,2026-01-13,01:36:06,2.3,,31.6865,0.5,-104.356,0.3,6.1,7.3,0.6,0.2,50,32,TXNet,earthquake,Western Texas,,,,,,,,,,38.12090464498532,6.659906857643168,2026-01-13 13:59:59,2026-01-13 01:36:06
tx2026avdhle,final,2026-01-12,12:13:07,1.7,,31.6515,0.7,-104.4456,0.5,6.9,8.2,0.7,0.1,28,22,TXNet,earthquake,Western Texas,,,,,,,,,,36.463625451933325,1.3860879389703604,2026-01-12 15:10:43,2026-01-12 12:13:07
tx2026avalbw,final,2026-01-12,10:46:50,1.5,,31.6376,0.5,-104.4487,0.7,7.3,8.6,0.7,0.2,47,28,TXNet,earthquake,Western Texas,,,,,,,,,,107.63363623167918,2.597366202392214,2026-01-12 15:34:31,2026-01-12 10:46:50
tx2026autrwy,final,2026-01-12,07:23:31,1.7,,31.646,0.7,-104.4353,0.5,5.4,6.7,0.7,0.1,25,20,TXNet,earthquake,Western Texas,,,,,,,,,,35.433933603054804,1.1750307274601042,2026-01-12 14:45:42,2026-01-12 07:23:31
tx2026aupqoi,final,2026-01-12,05:21:18,1.8,,31.7604,0.4,-104.2181,0.3,6.1,7.2,0.5,0.2,61,34,TXNet,earthquake,Western Texas,,,,,,,,,,55.88447325203525,3.4857061229214845,2026-01-12 14:10:30,2026-01-12 05:21:18
tx2026auekny,final,2026-01-11,23:43:41,1.8,,31.6452,0.5,-104.4261,0.5,6.1,7.3,0.5,0.2,49,29,TXNet,earthquake,Western Texas,,,,,,,,,,109.396214222686,1.3509176490973969,2026-01-12 14:39:43,2026-01-11 23:43:41
tx2026aucvjy,final,2026-01-11,22:54:40,1.7,,31.6727,0.6,-104.4301,0.4,6.9,8.1,0.5,0.1,22,14,TXNet,earthquake,Western Texas,,,,,,,,,,35.4541226664953,0.9363398113151596,2026-01-12 14:50:21,2026-01-11 22:54:40
tx2026aucrzi,final,2026-01-11,22:50:41,1.6,,31.6696,0.5,-104.4183,0.4,6.8,8.0,0.5,0.2,35,22,TXNet,earthquake,Western Texas,,,,,,,,,,101.00286610068942,1.396267431858343,2026-01-12 14:52:37,2026-01-11 22:50:41
tx2026atrgmg,final,2026-01-11,17:05:27,1.3,,31.6451,0.6,-104.432,0.4,6.1,7.3,0.6,0.3,32,18,TXNet,earthquake,Western Texas,,,,,,,,,,109.11931834167216,1.2338756735073075,2026-01-13 14:36:48,2026-01-11 17:05:27
tx2026atqemg,final,2026-01-11,16:33:06,1.6,,31.6683,0.6,-104.3192,0.2,5.4,6.6,0.7,0.1,15,10,TXNet,earthquake,Western Texas,,,,,,,,,,20.58688192220032,5.158836546948975,2026-01-12 14:56:33,2026-01-11 16:33:06
tx2026asqplo,final,2026-01-11,03:41:18,1.4,,31.8853,0.2,-103.9286,0.2,7.9,8.7,0.8,0.1,25,21,TXNet,earthquake,Western Texas,,,,,,,,,,20.502053821051977,6.986837801695849,2026-01-12 14:14:31,2026-01-11 03:41:18
tx2026asiglu,final,2026-01-10,23:29:44,1.7,,31.6686,0.4,-104.4193,0.4,6.9,8.1,0.6,0.2,50,29,TXNet,earthquake,Western Texas,,,,,,,,,,111.99340668385864,1.438973271714335,2026-01-12 15:14:19,2026-01-10 23:29:44
tx2026ashsda,final,2026-01-10,23:13:16,1.8,,31.6696,0.4,-104.4177,0.4,6.8,8.0,0.5,0.2,44,26,TXNet,earthquake,Western Texas,,,,,,,,,,112.15759900521854,1.4229879288138296,2026-01-12 15:21:46,2026-01-10 23:13:16
tx2026ashchz,final,2026-01-10,22:54:25,1.8,,31.63,0.7,-104.3593,0.4,6.3,7.5,0.9,0.1,33,26,TXNet,earthquake,Western Texas,,,,,,,,,,35.458989247103254,7.489509548378257,2026-01-12 14:37:55,2026-01-10 22:54:25
tx2026asfowl,final,2026-01-10,22:08:39,2.5,,31.5443,0.4,-104.1301,0.4,7.7,8.8,0.4,0.1,20,15,TXNet,earthquake,Western Texas,,,,,,,,,,17.122271447116784,3.793916159118639,2026-01-12 16:22:56,2026-01-10 22:08:39
tx2026asaemz,final,2026-01-10,19:25:46,1.8,,31.6524,0.6,-104.437,0.7,6.6,7.8,0.7,0.2,43,24,TXNet,earthquake,Western Texas,,,,,,,,,,109.60941712176404,0.6270433575791209,2026-01-12 15:18:29,2026-01-10 19:25:46
tx2026arnbak,final,2026-01-10,12:49:55,2.3,,31.6567,0.4,-104.2653,0.3,7.6,8.7,0.6,0.2,69,37,TXNet,earthquake,Western Texas,,,,,,,,,,40.80140535795783,1.6585067531119468,2026-01-12 13:51:03,2026-01-10 12:49:55
tx2026aqzfma,final,2026-01-10,05:55:37,1.5,,31.6542,0.5,-104.3083,0.3,6.8,7.9,1.1,0.2,43,28,TXNet,earthquake,Western Texas,,,,,,,,,,35.95184047587319,4.550376575434457,2026-01-12 16:32:43,2026-01-10 05:55:37
tx2026aqxryg,final,2026-01-10,05:06:22,2.2,,31.7158,0.4,-104.5652,0.5,5.7,7.1,0.4,0.2,71,48,TXNet,earthquake,Western Texas,,,,,,,,,,110.8998957378368,3.4946779447174343,2026-01-12 15:10:55,2026-01-10 05:06:22
tx2026aqwkdq,final,2026-01-10,04:27:13,2.0,,31.6532,0.5,-104.3121,0.3,6.9,8.0,0.8,0.2,33,22,TXNet,earthquake,Western Texas,,,,,,,,,,25.041949229005304,4.917632316693625,2026-01-10 05:18:15,2026-01-10 04:27:13
tx2026aqwapf,final,2026-01-10,04:16:06,1.5,,31.6569,0.6,-104.3105,0.3,7.2,8.4,0.9,0.2,41,26,TXNet,earthquake,Western Texas,,,,,,,,,,44.74932053533807,4.620747722443991,2026-01-12 18:32:28,2026-01-10 04:16:06
tx2026aqkecp,final,2026-01-09,22:18:05,2.0,,31.6327,0.4,-104.3647,0.3,5.3,6.5,0.7,0.1,55,41,TXNet,earthquake,Western Texas,,,,,,,,,,48.24781167274449,6.900019438512904,2026-01-10 04:52:02,2026-01-09 22:18:05
tx2026aqjwiv,final,2026-01-09,22:09:04,1.6,,31.619,0.4,-104.2709,0.4,7.9,9.0,0.7,0.2,45,30,TXNet,earthquake,Western Texas,,,,,,,,,,31.962449323426487,5.884694779960404,2026-01-10 04:30:30,2026-01-09 22:09:04
tx2026aqbooy,final,2026-01-09,17:58:40,1.6,,31.7166,0.6,-104.5216,0.8,6.9,8.2,1.1,0.2,33,23,TXNet,earthquake,Western Texas,,,,,,,,,,57.97817868117145,0.6804874599984306,2026-01-09 20:56:25,2026-01-09 17:58:40
tx2026aqahei,final,2026-01-09,17:19:55,2.0,,31.6697,0.5,-104.393,0.4,6.1,7.3,0.6,0.2,43,31,TXNet,earthquake,Western Texas,,,,,,,,,,44.74018377007889,3.333664258769581,2026-01-10 03:40:35,2026-01-09 17:19:55
tx2026aproug,final,2026-01-09,12:57:19,1.6,,31.6168,0.3,-104.2876,0.2,8.3,9.5,0.7,0.1,45,28,TXNet,earthquake,Western Texas,,,,,,,,,,113.68334297043243,6.458596326816827,2026-01-09 13:42:05,2026-01-09 12:57:19
tx2026apqjtz,final,2026-01-09,12:21:34,1.8,,31.6138,0.6,-104.2892,0.4,7.9,9.0,1.4,0.3,22,14,TXNet,earthquake,Western Texas,,,,,,,,,,21.61382091137557,6.830420974588733,2026-01-09 13:49:03,2026-01-09 12:21:34
tx2026apqdsn,final,2026-01-09,12:14:10,1.6,,31.7113,0.5,-104.2813,0.3,7.6,8.8,0.8,0.1,22,20,TXNet,earthquake,Western Texas,,,,,,,,,,21.32283728162324,4.686355347233301,2026-01-09 14:33:35,2026-01-09 12:14:10
tx2026apckhb,final,2026-01-09,05:19:23,1.5,,31.6665,0.5,-104.3946,0.5,6.5,7.7,0.9,0.2,38,23,TXNet,earthquake,Western Texas,,,,,,,,,,112.9406703621004,3.3426305810420858,2026-01-09 13:51:56,2026-01-09 05:19:23
tx2026aodfdq,final,2026-01-08,16:38:59,1.0,,32.0068,0.6,-103.7936,0.8,7.7,8.7,0.8,0.1,15,11,TXNet,earthquake,New Mexico,,,,,,,,,,13.02004727219874,1.2120205874258718,2026-01-08 19:35:39,2026-01-08 16:38:59
tx2026anjsxj,final,2026-01-08,06:51:39,2.3,,31.7054,0.3,-104.1774,0.3,7.6,8.6,0.8,0.2,91,46,TXNet,earthquake,Western Texas,,,,,,,,,,127.955048306177,6.31105459152431,2026-01-08 08:54:34,2026-01-08 06:51:39
tx2026anhbko,final,2026-01-08,05:31:12,1.5,,31.6724,0.5,-104.4113,0.5,6.5,7.7,0.8,0.2,47,27,TXNet,earthquake,Western Texas,,,,,,,,,,61.62233006752793,1.640682681546264,2026-01-08 11:21:03,2026-01-08 05:31:12
tx2026anezxq,final,2026-01-08,04:29:15,1.6,,31.6695,0.7,-104.4883,0.7,5.9,7.2,0.5,0.2,34,22,TXNet,earthquake,Western Texas,,,,,,,,,,52.17845763494405,1.1905424714787518,2026-01-08 11:00:31,2026-01-08 04:29:15
tx2026amwjfw,final,2026-01-08,00:08:13,1.5,,31.544,0.4,-104.1384,0.4,7.9,8.9,0.6,0.1,35,25,TXNet,earthquake,Western Texas,,,,,,,,,,27.779634875359605,3.985355732954856,2026-01-08 10:03:15,2026-01-08 00:08:13
tx2026amvvmj,final,2026-01-07,23:54:30,2.4,,31.5489,0.4,-104.1371,0.5,7.9,9.0,0.4,0.1,28,18,TXNet,earthquake,Western Texas,,,,,,,,,,23.19916418330574,3.435121388663127,2026-01-08 09:12:16,2026-01-07 23:54:30
tx2026amvvhx,final,2026-01-07,23:52:02,1.6,,31.7172,0.4,-104.2804,0.3,6.1,7.3,0.6,0.2,60,38,TXNet,earthquake,Western Texas,,,,,,,,,,36.10454767521397,4.957553240472864,2026-01-08 10:30:41,2026-01-07 23:52:02
tx2026amoyup,final,2026-01-07,20:24:53,1.7,,31.6529,0.4,-104.4199,0.3,2.3,3.5,0.5,0.1,25,17,TXNet,earthquake,Western Texas,,,,,,,,,,33.7849824733861,3.1037054621566944,2026-01-07 23:47:40,2026-01-07 20:24:53
tx2026amnymh,final,2026-01-07,19:56:38,1.6,,31.6779,0.4,-104.413,0.3,6.2,7.4,0.5,0.2,31,21,TXNet,earthquake,Western Texas,,,,,,,,,,38.00534378575818,1.2545945731055732,2026-01-07 23:14:45,2026-01-07 19:56:38
tx2026amljif,final,2026-01-07,18:36:30,1.7,,31.4925,0.3,-103.8866,0.3,5.8,6.8,1.9,0.2,45,26,TXNet,earthquake,Western Texas,,,,,,,,,,36.99940408961821,7.375536866344047,2026-01-07 18:49:03,2026-01-07 18:36:30
tx2026amcoaw,final,2026-01-07,14:10:59,2.3,,31.662,0.5,-104.3875,0.3,6.1,7.3,0.5,0.2,57,33,TXNet,earthquake,Western Texas,,,,,,,,,,53.5066222780461,4.170158184972147,2026-01-07 14:43:22,2026-01-07 14:10:59
tx2026alvtye,final,2026-01-07,10:45:58,1.5,,31.6394,0.4,-104.2415,0.3,6.5,7.6,0.8,0.2,73,37,TXNet,earthquake,Western Texas,,,,,,,,,,118.4262375991044,4.218281944516349,2026-01-07 11:51:52,2026-01-07 10:45:58
tx2026akxzop,final,2026-01-06,22:48:22,1.8,,31.6648,0.5,-104.3692,0.4,7.0,8.1,1.0,0.2,57,29,TXNet,earthquake,Western Texas,,,,,,,,,,113.99922300704176,5.636849642720969,2026-01-07 09:15:12,2026-01-06 22:48:22
tx2026akxwhb,final,2026-01-06,22:44:38,1.1,,31.8298,0.4,-104.1205,0.6,1.6,2.6,1.5,0.2,25,21,TXNet,earthquake,Western Texas,,,,,,,,,,18.997724273595907,8.559111803809227,2026-01-07 12:55:20,2026-01-06 22:44:38
tx2026akwafv,final,2026-01-06,21:48:47,1.4,,31.3277,0.5,-103.6965,0.5,7.7,8.6,2.3,0.1,22,16,TXNet,earthquake,Western Texas,,,,,,,,,,33.03536546987806,12.423650453384967,2026-01-06 22:51:50,2026-01-06 21:48:47
tx2026akdbgk,final,2026-01-06,12:16:42,1.7,,31.6806,0.7,-104.4792,0.6,6.1,7.4,0.5,0.2,43,24,TXNet,earthquake,Western Texas,,,,,,,,,,61.73736663913987,2.442822544136293,2026-01-06 12:59:32,2026-01-06 12:16:42
tx2026akcidq,final,2026-01-06,11:54:37,1.4,,31.5595,0.3,-104.1237,0.4,7.9,9.0,0.5,0.1,43,29,TXNet,earthquake,Western Texas,,,,,,,,,,33.30205194693805,2.090221380237106,2026-01-06 13:21:13,2026-01-06 11:54:37
tx2026ajxfyv,final,2026-01-06,09:21:08,1.2,,31.6349,0.4,-104.2351,0.2,6.1,7.2,0.6,0.2,45,29,TXNet,earthquake,Western Texas,,,,,,,,,,37.99445915319997,4.962507071808495,2026-01-06 14:05:54,2026-01-06 09:21:08
tx2026ajvbli,final,2026-01-06,08:15:32,1.3,,31.6484,0.6,-104.4224,0.4,6.1,7.3,0.7,0.2,34,22,TXNet,earthquake,Western Texas,,,,,,,,,,38.65407592742162,1.2608429774704843,2026-01-06 09:07:15,2026-01-06 08:15:32
tx2026ajsrka,final,2026-01-06,07:07:04,1.5,,31.6501,0.7,-104.4402,0.5,5.4,6.7,0.6,0.2,31,22,TXNet,earthquake,Western Texas,,,,,,,,,,36.85680798253144,1.0257873540966376,2026-01-06 08:29:16,2026-01-06 07:07:04
tx2026ajdypr,final,2026-01-05,23:41:40,2.0,,31.699,0.5,-104.173,0.3,6.8,7.9,0.7,0.2,38,28,TXNet,earthquake,Western Texas,,,,,,,,,,29.26388863199985,6.822986996842053,2026-01-06 02:05:13,2026-01-05 23:41:40
tx2026aipmbd,final,2026-01-05,16:22:20,1.5,,31.6703,0.7,-104.4398,0.8,8.0,9.3,1.0,0.2,30,20,TXNet,earthquake,Western Texas,,,,,,,,,,89.31588595801608,1.7223733577301048,2026-01-05 18:51:33,2026-01-05 16:22:20
tx2026aigzlv,final,2026-01-05,12:06:23,1.2,,31.7031,0.3,-104.179,0.3,6.7,7.8,0.7,0.2,34,21,TXNet,earthquake,Western Texas,,,,,,,,,,28.752809489798736,6.607531102875384,2026-01-05 15:02:21,2026-01-05 12:06:23
tx2026aigate,final,2026-01-05,11:37:58,2.2,,31.7115,0.3,-104.1767,0.2,6.9,8.0,0.5,0.2,56,36,TXNet,earthquake,Western Texas,,,,,,,,,,31.064278178149408,5.673542273991479,2026-01-05 12:32:13,2026-01-05 11:37:58
tx2026aicgyj,final,2026-01-05,09:44:15,1.1,,31.6085,0.2,-103.9558,0.2,8.0,9.0,0.4,0.1,42,23,TXNet,earthquake,Western Texas,,,,,,,,,,30.128887485836945,1.2644699589492332,2026-01-06 09:24:51,2026-01-05 09:44:15
tx2026aicbuj,final,2026-01-05,09:38:16,2.1,,31.6062,0.2,-103.9579,0.2,7.9,8.9,0.3,0.1,50,32,TXNet,earthquake,Western Texas,,,,,,,,,,32.67430029800157,1.1521737394565292,2026-01-05 10:08:43,2026-01-05 09:38:16
tx2026ahtnri,final,2026-01-05,05:20:29,1.6,,31.6584,0.5,-104.4375,0.9,5.6,6.9,0.5,0.2,59,30,TXNet,earthquake,Western Texas,,,,,,,,,,110.1668276804579,0.5776761813105721,2026-01-05 13:48:34,2026-01-05 05:20:29
tx2026ahszdp,final,2026-01-05,05:06:52,2.1,,31.6594,0.6,-104.4561,0.8,6.0,7.3,0.5,0.2,57,33,TXNet,earthquake,Western Texas,,,,,,,,,,56.064381206720775,2.31139270030495,2026-01-05 08:50:44,2026-01-05 05:06:52
tx2026ahirbl,final,2026-01-04,23:52:29,1.3,,31.6567,0.4,-104.2653,0.3,7.9,9.1,1.1,0.2,33,26,TXNet,earthquake,Western Texas,,,,,,,,,,24.188131909990503,1.6585067531119468,2026-01-06 10:57:51,2026-01-04 23:52:29
tx2026agpsmx,final,2026-01-04,14:20:52,1.1,,31.606,0.3,-103.9641,0.3,8.1,9.1,0.5,0.1,31,25,TXNet,earthquake,Western Texas,,,,,,,,,,19.09383889092296,0.6950315022777305,2026-01-05 14:20:50,2026-01-04 14:20:52
tx2026agozrd,final,2026-01-04,13:59:01,1.3,,31.6877,0.5,-104.3027,0.3,7.2,8.4,0.7,0.2,43,28,TXNet,earthquake,Western Texas,,,,,,,,,,34.47131716429681,4.005428176635041,2026-01-06 10:12:21,2026-01-04 13:59:01
tx2026agklet,final,2026-01-04,11:41:44,1.7,,31.6534,0.5,-104.367,0.3,6.1,7.2,0.7,0.2,58,33,TXNet,earthquake,Western Texas,,,,,,,,,,49.90008530908246,6.170780514981516,2026-01-05 13:07:36,2026-01-04 11:41:44
tx2026agjkmt,final,2026-01-04,11:10:34,1.6,,31.6631,0.6,-104.3585,0.3,6.1,7.3,0.9,0.2,51,32,TXNet,earthquake,Western Texas,,,,,,,,,,44.63545937623959,6.670825082850872,2026-01-05 12:21:25,2026-01-04 11:10:34
tx2026agipdu,final,2026-01-04,10:45:48,1.3,,31.6666,0.4,-104.4522,0.6,5.7,7.0,0.4,0.1,32,20,TXNet,earthquake,Western Texas,,,,,,,,,,102.70864281257624,2.2298916579933787,2026-01-06 13:28:29,2026-01-04 10:45:48
tx2026agbchv,final,2026-01-04,06:59:47,1.6,,31.451,0.4,-103.8835,0.3,1.9,2.8,0.9,0.2,52,31,TXNet,earthquake,Western Texas,,,,,,,,,,128.41709797429118,10.89109716199321,2026-01-05 15:26:54,2026-01-04 06:59:47
tx2026afzwpd,final,2026-01-04,06:22:52,2.0,,31.4507,0.4,-103.8892,0.4,3.1,4.0,0.9,0.2,59,35,TXNet,earthquake,Western Texas,,,,,,,,,,48.92231568178261,10.611228107949133,2026-01-05 09:40:29,2026-01-04 06:22:52
tx2026afyqde,final,2026-01-04,05:45:15,1.2,,31.6654,0.5,-104.3574,0.3,6.1,7.3,1.0,0.2,31,20,TXNet,earthquake,Western Texas,,,,,,,,,,32.221138892970124,6.698448480241864,2026-01-06 11:38:58,2026-01-04 05:45:15
tx2026afwwlo,final,2026-01-04,04:52:01,0.8,,32.0146,0.5,-103.8023,0.5,8.0,9.0,0.6,0.1,12,9,TXNet,earthquake,New Mexico,,,,,,,,,,6.810447506565667,1.8142632574421371,2026-01-06 18:14:41,2026-01-04 04:52:01
tx2026afrqzx,final,2026-01-04,02:15:01,1.7,,31.6694,0.4,-104.3757,0.3,6.8,7.9,0.6,0.2,47,34,TXNet,earthquake,Western Texas,,,,,,,,,,39.98039999297661,4.904386605446496,2026-01-05 13:21:29,2026-01-04 02:15:01
tx2026afpaui,final,2026-01-04,00:55:50,1.2,,32.0592,0.4,-103.7288,0.2,8.8,9.7,0.5,0.2,26,21,TXNet,earthquake,New Mexico,,,,,,,,,,108.21402983675311,2.649611087886224,2026-01-05 17:21:44,2026-01-04 00:55:50
tx2026aflpmu,final,2026-01-03,23:13:54,1.2,,32.0607,0.4,-103.724,0.3,8.0,9.0,0.6,0.2,30,19,TXNet,earthquake,New Mexico,,,,,,,,,,32.97481537578103,2.934008551019486,2026-01-06 13:43:39,2026-01-03 23:13:54
tx2026aflqgr,final,2026-01-03,23:13:16,1.2,,31.6343,0.4,-104.2511,0.2,6.9,8.0,1.2,0.2,46,27,TXNet,earthquake,Western Texas,,,,,,,,,,40.79091821367064,4.356229325511091,2026-01-05 13:51:59,2026-01-03 23:13:16
tx2026afkilu,final,2026-01-03,22:33:49,1.4,,32.0708,0.4,-103.7257,0.3,8.2,9.1,0.8,0.1,19,13,TXNet,earthquake,New Mexico,,,,,,,,,,70.42619343853809,3.974259838315688,2026-01-05 17:57:08,2026-01-03 22:33:49
tx2026afkeqv,final,2026-01-03,22:29:28,1.3,,32.0643,0.3,-103.7257,0.2,8.8,9.8,0.7,0.2,33,24,TXNet,earthquake,New Mexico,,,,,,,,,,70.58831150173148,3.2783188037954343,2026-01-05 15:54:15,2026-01-03 22:29:28
tx2026afjnbf,final,2026-01-03,22:09:03,1.6,,32.0663,0.3,-103.7299,0.2,7.7,8.7,0.6,0.1,47,32,TXNet,earthquake,New Mexico,,,,,,,,,,35.7262687162654,3.4136080653449734,2026-01-05 13:31:41,2026-01-03 22:09:03
tx2026afjgmz,final,2026-01-03,22:01:26,1.5,,32.0619,0.3,-103.7277,0.3,7.9,8.9,0.5,0.2,42,28,TXNet,earthquake,New Mexico,,,,,,,,,,33.15551467884893,2.971410009021879,2026-01-05 12:34:08,2026-01-03 22:01:26
tx2026afiynu,final,2026-01-03,21:52:42,1.6,,32.0634,0.5,-103.7235,0.3,7.1,8.1,0.9,0.1,17,11,TXNet,earthquake,New Mexico,,,,,,,,,,14.809565734691454,3.2403549195423462,2026-01-05 14:19:09,2026-01-03 21:52:42
tx2026afgssu,final,2026-01-03,20:45:32,2.0,,32.0663,0.3,-103.7253,0.2,7.7,8.7,0.6,0.2,67,38,TXNet,earthquake,New Mexico,,,,,,,,,,60.79473381716191,3.498270849737501,2026-01-05 09:29:05,2026-01-03 20:45:32
tx2026affhve,final,2026-01-03,20:02:32,1.4,,31.6204,0.5,-104.2591,0.3,7.4,8.5,0.8,0.2,44,29,TXNet,earthquake,Western Texas,,,,,,,,,,37.50815191784609,5.722552902357108,2026-01-05 14:36:20,2026-01-03 20:02:32
tx2026afeecr,final,2026-01-03,19:28:19,1.4,,31.6555,0.3,-104.2619,0.3,6.8,7.9,0.6,0.2,49,30,TXNet,earthquake,Western Texas,,,,,,,,,,32.65749549700766,1.818678806261801,2026-01-06 10:35:22,2026-01-03 19:28:19
tx2026aezwzb,final,2026-01-03,17:18:51,2.1,,31.6805,0.4,-104.4388,0.6,5.7,7.0,0.4,0.2,60,30,TXNet,earthquake,Western Texas,,,,,,,,,,112.27606390426124,1.2252090210581674,2026-01-05 09:17:15,2026-01-03 17:18:51
tx2026aelxro,final,2026-01-03,10:17:26,1.2,,31.6408,0.3,-104.2324,0.3,6.1,7.2,0.7,0.2,44,28,TXNet,earthquake,Western Texas,,,,,,,,,,30.33865304057044,4.611969328237213,2026-01-06 12:21:36,2026-01-03 10:17:26
tx2026aekuew,final,2026-01-03,09:43:02,1.7,,31.7167,0.5,-104.507,0.6,5.8,7.0,0.6,0.2,51,29,TXNet,earthquake,Western Texas,,,,,,,,,,65.23009417699748,2.034421649329188,2026-01-05 14:43:32,2026-01-03 09:43:02
tx2026adzvnx,final,2026-01-03,04:12:43,1.8,,31.711,0.3,-104.1797,0.2,6.9,8.0,0.5,0.2,79,40,TXNet,earthquake,Western Texas,,,,,,,,,,128.32191011738237,5.851275994999389,2026-01-05 12:41:54,2026-01-03 04:12:43
tx2026adniqg,final,2026-01-02,21:55:47,1.3,,32.0656,0.4,-103.7239,0.2,8.4,9.4,0.7,0.4,22,16,TXNet,earthquake,New Mexico,,,,,,,,,,188.429090791056,3.4595129318330105,2026-01-06 13:51:53,2026-01-02 21:55:47
tx2026adktma,final,2026-01-02,20:37:43,2.0,,32.0709,0.2,-103.7245,0.2,7.6,8.6,0.5,0.2,65,40,TXNet,earthquake,New Mexico,,,,,,,,,,43.49950399744065,4.012882916492217,2026-01-05 09:06:46,2026-01-02 20:37:43
tx2026adftsp,final,2026-01-02,18:08:33,1.1,,32.0666,0.4,-103.7235,0.4,7.8,8.8,0.7,0.1,14,9,TXNet,earthquake,New Mexico,,,,,,,,,,32.34721443656758,3.580787016045337,2026-01-06 14:40:46,2026-01-02 18:08:33
tx2026adbzwk,final,2026-01-02,16:13:38,1.4,,32.068,0.3,-103.724,0.3,8.2,9.2,0.7,0.1,22,15,TXNet,earthquake,New Mexico,,,,,,,,,,35.29965556228797,3.7135568611498826,2026-01-05 16:07:35,2026-01-02 16:13:38
tx2026adbcvz,final,2026-01-02,15:46:53,1.9,,32.0649,0.2,-103.7247,0.2,7.6,8.6,0.5,0.1,50,33,TXNet,earthquake,New Mexico,,,,,,,,,,34.37173480896121,3.364018404596712,2026-01-02 16:31:04,2026-01-02 15:46:53
tx2026acvyly,final,2026-01-02,13:10:58,1.7,,31.5502,0.4,-104.1446,0.5,7.7,8.8,0.8,0.2,53,31,TXNet,earthquake,Western Texas,,,,,,,,,,116.77368807138345,8.759245346226567,2026-01-02 13:39:21,2026-01-02 13:10:58
tx2026acvsjm,final,2026-01-02,13:03:52,2.3,,31.7082,0.3,-104.1817,0.4,7.3,8.4,1.0,0.2,52,29,TXNet,earthquake,Western Texas,,,,,,,,,,33.40695346204448,6.223734004028572,2026-01-02 13:34:53,2026-01-02 13:03:52
tx2026acrqoy,final,2026-01-02,11:01:07,1.5,,31.58,0.3,-104.0301,0.3,8.1,9.1,0.4,0.1,40,22,TXNet,earthquake,Western Texas,,,,,,,,,,126.77893038718813,4.58386512106292,2026-01-02 13:42:09,2026-01-02 11:01:07
tx2026acogdi,final,2026-01-02,09:18:27,2.3,,31.7131,0.3,-104.1775,0.2,7.3,8.3,0.6,0.2,59,37,TXNet,earthquake,Western Texas,,,,,,,,,,31.015457433047423,5.551023305768711,2026-01-02 11:41:30,2026-01-02 09:18:27
tx2026abnntd,final,2026-01-01,19:52:42,2.7,,31.6596,0.5,-104.3897,0.4,5.2,6.4,0.7,0.1,38,32,TXNet,earthquake,Western Texas,,,,,,,,,,35.656811221574664,4.033474614179399,2026-01-02 00:38:01,2026-01-01 19:52:42
tx2026abgzir,final,2026-01-01,16:34:54,1.3,,32.068,0.4,-103.7208,0.3,8.4,9.3,0.7,0.1,19,13,TXNet,earthquake,New Mexico,,,,,,,,,,34.60364907688883,3.807896417029992,2026-01-01 18:50:35,2026-01-01 16:34:54
