Network Code,Station Code,Longitude (WGS84),Latitude (WGS84),Affiliation,Archive,Location Description,Place,Elevation,Start Date,End Date,Station Type,Sensor Type
US,KVTX,-97.8929,27.5459,,,,,14.6,2006-06-16,,Non-TexNet,Broadband
US,NATX,-94.661,31.7598,,,,,168,2004-05-12,,Non-TexNet,Broadband
US,MNTX,-105.3821,31.6985,United States National Seismic Network,TXHUB,,Cornudas Mountains,404.8,2003-05-29,,Non-TexNet,Broadband
US,MIAR,-93.5765,34.5454,United States National Seismic Network,TXHUB,,Mount Ida,207,1992-09-23,,Non-TexNet,Broadband
US,WMOK,-98.7807,34.7379,,,,,486,1992-11-12,,Non-TexNet,Broadband
US,AMTX,-101.6808,34.8837,,,,,1010,2002-09-29,,Non-TexNet,Broadband
US,CBKS,-99.7374,38.814,United States National Seismic Network,TXHUB,,Cedar Bluff,677,1994-09-12,,Non-TexNet,Broadband
MX,CCIG,-92.136917,16.281885,Mexican National Seismic Network,TXHUB,,Comitan,1625,2000-01-01,,Non-TexNet,Broadband
MX,TLIG,-98.566467,17.562675,Mexican National Seismic Network,TXHUB,,Tlapa,1136,2009-01-01,,Non-TexNet,Broadband
MX,ZAIG,-102.567001,22.769199,Mexican National Seismic Network,TXHUB,,Zacatecas,2408,1997-01-01,,Non-TexNet,Broadband
MX,CGIG,-107.977352,30.365044,SSN,TXHUB,,CASAS GRANDES,1524,2006-12-07,,Non-TexNet,Broadband
MX,HPIG,-105.664017,26.936794,SSN,TXHUB,,HIDALGO DEL PARRAL,1786,2006-12-20,,Non-TexNet,Broadband
MX,MCIG,-101.483627,27.977093,SSN,TXHUB,,MUZQUIZ,483,2015-02-09,,Non-TexNet,Broadband
MX,MYIG,-89.639614,20.948069,SSN,TXHUB,,MERIDA,13,2010-04-12,,Non-TexNet,Broadband
MX,LVIG,-96.4185,19.72622,SSN,TXHUB,,LAGUNA VERDE,57,1996-04-10,,Non-TexNet,Broadband
MX,BCIG,-105.412656,27.544763,SSN,TXHUB,,LA BOQUILLA,1265,2013-11-11,,Non-TexNet,Broadband
MX,LNIG,-99.465617,24.898167,SSN,TXHUB,,LINARES,329,2006-01-19,,Non-TexNet,Broadband
MX,MNIG,-100.29,26.61,SSN,TXHUB,,Monterrey,674,2016-01-01,,Non-TexNet,Broadband
MX,NZIG,-109.554158,30.373054,SSN,TXHUB,,NACOZARI,1546,2010-11-06,,Non-TexNet,Broadband
MX,SCIG,-91.186588,18.967037,SSN,TXHUB,,SABANCUY,18,2001-10-01,,Non-TexNet,Broadband
PI,SP00,-106.919,34.074,PASSCAL Pier Test Data,TXHUB,,Socorro,1430,2006-03-27,,Non-TexNet,Broadband
SC,Y22A,-106.965202,33.937,,,,,1674,2010-02-04,,Non-TexNet,Broadband
SC,JAL,-103.22932,32.20241,New Mexico Tech Seismic Network (),,,Jal,1020,2019-12-20,,Non-TexNet,Broadband
SC,PDB,-103.59662,32.0722,New Mexico Tech Seismic Network (),,,Paduca Breaks,1025,2019-12-20,,Non-TexNet,Broadband
SC,121A,-107.785103,32.532398,New Mexico Tech Seismic Network (),,,Cookes Peak,1652,2019-03-06,,Non-TexNet,Broadband
SC,LEM,-106.9742,34.1655,,,,,1698,1999-01-01,,Non-TexNet,Short period
SC,SBY,-107.180664,33.975166,New Mexico Tech Seismic Network (),,,South Baldy,3230,1999-01-01,,Non-TexNet,Short period
SC,SMC,-107.019302,33.778667,New Mexico Tech Seismic Network (),,,San Marcial,1560,1999-01-01,,Non-TexNet,Short period
IU,HKT,-95.83812,29.96478,,,,,69,1995-07-11,,Non-TexNet,Broadband
IU,ANMO,-106.457199,34.945911,Global Seismograph Network (GSN - IRIS/USGS),TXHUB,,Albuquerque,1820,2008-06-30,,Non-TexNet,Broadband
IU,TEIG,-88.276299,20.226299,Global Seismograph Network (GSN - IRIS/USGS),TXHUB,,Tepich,40,2014-10-30,,Non-TexNet,Broadband
EP,KIDD,-106.506376,31.771774,UTEP Seismic Network,TXHUB,,KIDD Seismic Observatory,1162.5,2009-10-08,,Non-TexNet,Broadband
TX,FW11,-97.12787,32.72273,,,,"Arlington, TX",197.5,2016-10-20,,TexNet Portable,Broadband
TX,FW04,-96.92325,32.84763,,,,"Dallas, TX",144.8,2016-09-28,,TexNet Portable,Broadband
TX,FW09,-96.913922,32.92282,,,,"Farmers Branch, TX",133.3,2016-09-29,,TexNet Portable,Broadband
TX,FW02,-97.34255,32.95019,,,,"Haslet, TX",226.5,2016-09-22,,TexNet Portable,Broadband
TX,FW05,-96.747081,32.988669,,,,"Dallas, TX",207.3,2016-11-16,,TexNet Portable,Broadband
TX,FW06,-97.55693,32.972559,,,,"Azle, TX",233,2016-10-19,,TexNet Portable,Broadband
TX,FW07,-97.786092,32.702466,,,,"Dallas, TX",310.9,2016-10-18,,TexNet Portable,Broadband
TX,FW12,-97.148597,32.499076,,,,"Alvarado, TX",203.9,2016-09-21,,TexNet Portable,Broadband
TX,FW01,-96.87833,32.684047,,,,"Dallas, TX",203.4,2016-10-19,,TexNet Portable,Broadband
TX,FW13,-97.43112,32.35172,,,,"Cleburne, TX",259,2016-11-15,,TexNet Portable,Broadband
TX,FW14,-97.1923,32.3991,,,,"Alvarado, TX",219,2016-11-15,,TexNet Portable,Broadband
TX,WTFS,-98.46455,33.76622,Unavailable,TXHUB,,"Witchita Falls, TX",277,2016-12-15,,TexNet Permanent,Broadband
TX,DKNS,-100.92365,33.66653,Unavailable,TXHUB,,"Dickens, TX",843,2016-12-17,,TexNet Permanent,Broadband
TX,APMT,-100.12155,33.32512,Unavailable,TXHUB,,"Aspermont,TX",501,2016-12-17,,TexNet Permanent,Broadband
TX,POST,-101.50105,33.0662,Unavailable,TXHUB,,"Post, TX",788.6,2016-12-21,,TexNet Permanent,Broadband
TX,ODSA,-102.54913,32.12009,Unavailable,TXHUB,,"Odessa, TX",943,2016-12-22,,TexNet Permanent,Broadband
TX,SAND,-102.12331,29.95471,Unavailable,TXHUB,,"Sanderson, TX",688.8,2017-02-07,,TexNet Permanent,Broadband
TX,PECS,-103.86697,31.37045,Unavailable,TXHUB,,"Toyah, TX",914,2017-02-01,,TexNet Permanent,Broadband
TX,VHRN,-104.985193,30.786736,Unavailable,TXHUB,,"Van Horn, TX",1253,2017-02-01,,TexNet Permanent,Broadband
TX,SGCY,-101.12639,31.91436,Unavailable,TXHUB,,"Sterling City, TX",776,2017-02-08,,TexNet Permanent,Broadband
TX,OZNA,-101.12708,30.92195,Unavailable,TXHUB,,"Ozona, TX",770.8392,2017-02-08,,TexNet Permanent,Broadband
TX,HNDO,-99.28081,29.5288,,,,"Hondo, TX",381,2017-02-16,,TexNet Permanent,
TX,BRDY,-98.999447,31.285872,Unavailable,TXHUB,,"Brady, TX",460,2017-02-16,,TexNet Permanent,Broadband
TX,HBVL,-98.669634,27.064992,Unavailable,TXHUB,,"Hebbronville, TX",155,2017-02-15,,TexNet Permanent,Broadband
TX,DRIO,-100.61888,29.42311,University of Texas,,,Val Verde,340,2017-03-17,,TexNet Permanent,Broadband
TX,PB08,-102.90736,30.89174,Unavailable,TXHUB,,"Fort Stockton, TX",926,2017-05-25,,TexNet Portable,Broadband
TX,PB01,-103.78112,30.94367,Unavailable,TXHUB,,"Toyahvale, TX",1010,2017-09-13,,TexNet Portable,Broadband
TX,SN07,-100.89172,33.09092,,,,"Snyder, TX",620,2016-09-28,,TexNet Portable,Broadband
TX,CRHG,-94.22517,32.28884,Unavailable,TXHUB,,"Carthage,TX",95,2016-09-28,,TexNet Permanent,Broadband
TX,PB07,-103.66793,31.57935,University of Texas,TexNet,,"Pecos, TX",856,2017-10-11,,TexNet Portable,Broadband
TX,PB03,-103.51395,31.08384,Unavailable,TXHUB,,"Varhalen, TX",871,2017-11-13,,TexNet Portable,Broadband
TX,PB05,-103.3247,30.91978,Unavailable,TXHUB,,"Pecos County, TX",957,2016-11-05,,TexNet Portable,Broadband
TX,EF04,-97.78986,29.21003,Unavailable,TXHUB,,"Nixon, TX",116,2017-12-20,,TexNet Portable,Broadband
TX,PB11,-104.03412,31.93553,Unavailable,TXHUB,,"NW of Orla, TX",915,2018-05-03,,TexNet Portable,Broadband
TX,EF03,-97.980536,28.945193,Unavailable,TXHUB,,"Hobson,TX",100,2018-06-09,,TexNet Portable,Broadband
TX,SN04,-100.86952,32.89878,Unavailable,TXHUB,,"Snyder, TX",716,2017-03-09,,TexNet Portable,Broadband
TX,SN03,-100.94118,32.92429,Unavailable,TXHUB,,"Snyder, TX",744,2017-03-09,,TexNet Portable,Broadband
TX,SN02,-100.91106,32.86452,Unavailable,TXHUB,,"Snyder, TX",748,2017-03-09,,TexNet Portable,Broadband
TX,PB06,-103.21825,31.6472,Unavailable,TXHUB,,"Pyote, TX",831,2017-10-11,,TexNet Portable,Broadband
TX,FW15,-97.3695,32.7044,,,,"Fort Worth, TX",192,2017-04-12,,TexNet Portable,Broadband
TX,PB10,-103.754585,31.283607,Unavailable,TXHUB,,"Toyah, TX",858,2018-10-17,,TexNet Portable,Broadband
TX,PH03,-101.551399,35.3574,Unavailable,TXHUB,,"Panhandle, TX",1055,2018-10-26,,TexNet Portable,Broadband
TX,PH02,-101.946743,35.39086,Unavailable,TXHUB,,"Potter County, TX",1094,2018-10-25,,TexNet Portable,Broadband
TX,EF05,-97.517897,28.989876,Unavailable,TXHUB,,"Yorktown, TX",88,2018-11-07,,TexNet Portable,Broadband
TX,PB12,-103.9577,31.2133,,,,"Toyah, TX",1011.9,2018-11-13,,TexNet Portable,Broadband
TX,MB02,-102.037907,31.19806,,,,"Rankin, TX",767.7,2018-11-16,,TexNet Portable,Broadband
TX,MB04,-102.48802,32.62542,Texas Seismological Network,TXHUB,,"Seminole, TX",956,2018-11-16,,TexNet Portable,Broadband
TX,SN08,-101.060724,32.782579,,,,"Arah, TX",758,2018-11-29,,TexNet Portable,
TX,237B,-95.808403,32.001499,Texas Seismological Network,TXHUB,,Washetta,116,2018-12-19,,TexNet Portable,Broadband
TX,ET01,-94.36497,31.46512,,,,"Chireno,TX",97,2019-01-08,,TexNet Portable,Broadband
TX,833A,-99.3939,28.3236,University of Texas,TXHUB,,"Cotulla, TX",171,2019-01-24,,TexNet Portable,Broadband
TX,EF02,-98.5311,28.7755,,,,"Christine, TX",97.6,2019-01-24,2025-08-21,TexNet Portable,Broadband
TX,435B,-97.585,30.7827,Texas Seismological Network,TXHUB,,Jarrell,248,2018-11-30,,TexNet Portable,Broadband
TX,PB16,-103.252,31.12496,Unavailable,TXHUB,,"Coyanosa, TX",848,2019-02-13,,TexNet Portable,Broadband
TX,PB04,-103.2694,31.18697,Unavailable,TXHUB,,"Verhalen, TX",812,2019-02-12,,TexNet Portable,Broadband
TX,MB06,-101.7999756,31.9779827,Texas Seismological Network,TXHUB,,"Greenwood, TX",801,2019-02-28,,TexNet Portable,Broadband
TX,MB05,-101.8597158,32.6265397,,,,"Klondike, TX",882,2019-03-01,,TexNet Portable,Broadband
TX,MB01,-102.0829098,31.6677338,,,,"Midkiff, TX",859,2019-03-01,2026-05-13,TexNet Portable,Broadband
TX,SN10,-100.72388,33.04918,,,,"Rotan, TX",658,2019-03-21,,TexNet Portable,
TX,PCOS,-103.510147,31.408922,Guralp Systems,TXHUB,,Crockett Middle School Pecos,788.2,2019-03-31,,TexNet Permanent,Broadband
TX,PB09,-104.301444,31.774145,Unavailable,TXHUB,,"Orla, TX",1139,2019-05-22,,TexNet Portable,Broadband
TX,PB13,-103.8458,31.5542,,,,"Northwest of Pecos, TX",956.1,2019-04-25,,TexNet Portable,Broadband
TX,PB14,-103.1511,31.12932,Texas Seismological Network,TXHUB,,Fort Stockton,807,2019-06-27,,TexNet Portable,Broadband
TX,PB18,-103.1996,31.20084,Texas Seismological Network,TXHUB,,Coyanosa,825,2019-06-28,,TexNet Portable,Broadband
TX,MB07,-102.25277,32.00061,,,,"Midland, TX",880,2019-07-25,,TexNet Portable,
TX,FLRS,-98.38039,29.12809,Unavailable,TXHUB,,"Floresville, TX",173,2019-09-09,,TexNet Permanent,Broadband
TX,PB21,-103.06216,31.341918,Unavailable,TXHUB,,"Coyanosa, TX",753,2019-09-11,,TexNet Portable,Broadband
TX,SN09,-100.739412,32.672969,Unavailable,TXHUB,,"Hermleigh, TX",663,2019-10-01,,TexNet Portable,Broadband
TX,MNHN,-102.76141,31.34023,,,,Crane County,750,2017-08-04,,TexNet Permanent,Broadband
TX,MLDN,-97.068723,29.822212,Unavailable,TXHUB,,"Muldoon, TX",104,2017-08-04,,TexNet Permanent,Broadband
TX,SNAG,-94.17877,31.51818,Unavailable,TXHUB,,"San Augustine, TX",84,2017-08-07,2025-01-31,TexNet Permanent,Broadband
TX,PLPT,-98.31578,32.81276,Unavailable,TXHUB,,"Palo Pinto, TX",336,2017-08-08,,TexNet Permanent,Broadband
TX,SMWD,-100.24248,35.10455,Unavailable,TXHUB,,"Samnorwood, TX",704,2017-08-09,,TexNet Permanent,Broadband
TX,DRZT,-100.29688,36.44401,Unavailable,TXHUB,,"Perryton, TX",791,2017-08-09,,TexNet Permanent,Broadband
TX,RTBA,-102.73743,36.43795,Unavailable,TXHUB,,"Rita Blanca, TX",1284,2017-08-10,,TexNet Permanent,Broadband
TX,DG01,-103.271077,31.377576,University of Texas,TexNet,,"Pecos,TX",787,2019-11-21,,TexNet Portable,
TX,ALPN,-103.63852,30.37448,Unavailable,TXHUB,,"Alpine, TX",1368,2017-02-03,,TexNet Permanent,Broadband
TX,PB30,-103.3227,31.2804,,,,"Pecos,TX",829,2020-03-04,,TexNet Portable,Broadband
TX,PB28,-104.50077,31.66864,Unavailable,TXHUB,,Culberson County,1204,2020-03-05,,TexNet Portable,Broadband
TX,PB29,-104.514453,31.75299,Unavailable,TXHUB,,Culberson County,1242,2020-03-06,,TexNet Portable,Broadband
TX,PB19,-103.099701,31.303087,,,,"West of Imperial, TX",782.4,2019-05-23,,TexNet Portable,Broadband
TX,PB31,-104.030536,31.73226,Unavailable,TXHUB,,"Orla, TX",907,2020-05-21,,TexNet Portable,Broadband
TX,TREL,-96.08933,32.73039,Unavailable,TXHUB,,"Terrell, TX",174,2017-08-07,,TexNet Permanent,Broadband
TX,DG02,-103.54313,31.40151,University of Texas,TexNet,,"Pecos, TX",804,2020-05-22,,TexNet Portable,
TX,DG04,-103.41261,31.28734,University of Texas,TexNet,,"Pecos, TX",795,2020-06-02,,TexNet Portable,
TX,DG05,-103.493279,31.17007,University of Texas,TexNet,,"Pecos, TX",837,2020-06-02,,TexNet Portable,
TX,DG06,-103.4845,31.4124,University of Texas,TexNet,,"Pecos, TX",785,2020-06-03,,TexNet Portable,
TX,DG07,-103.52788,31.452888,University of Texas,TexNet,,"Pecos, TX",794,2020-06-04,,TexNet Portable,
TX,DG08,-103.7242,31.19053,University of Texas,TexNet,,"Pecos, TX",895,2020-06-04,,TexNet Portable,
TX,DG09,-103.51277,31.37222,University of Texas,TexNet,,"Pecos, TX",795,2020-06-04,,TexNet Portable,
TX,PB32,-103.3778,31.10306,University of Texas,TexNet,,"Pecos, TX",861,2020-06-03,2025-07-10,TexNet Portable,
TX,MB08,-102.328853,31.884448,University of Texas,TexNet,,"Odessa, TX",863,2020-07-09,,TexNet Portable,Broadband
TX,OG01,-102.305318,31.934943,,,,,892,2020-07-08,,TexNet Portable,
TX,OG02,-102.323853,31.954503,University of Texas,TexNet,,"Odessa, TX",909,2020-07-09,,TexNet Portable,
TX,PB22,-103.076924,31.211658,,,,Coyanosa,808,2020-09-03,,TexNet Portable,
TX,OG04,-102.35986,31.92935,University of Texas,TexNet,,"Odessa, TX",805,2020-11-17,,TexNet Portable,
TX,MB09,-101.82,32.3391,Texas Seismological Network,TexNet,,"Lenorah, TX",798.5,2021-01-11,,TexNet Portable,Broadband
TX,MB10,-101.792,32.2651,University of Texas,TXHUB,,Stanton,813,2021-03-31,,TexNet Portable,Broadband
TX,PB33,-104.054045,31.534929,Texas Seismological Network,TXHUB,,"Pecos, TX",1006,2020-06-03,,TexNet Portable,Broadband
TX,INDO,-100.298344,28.467247,University of Texas,TXHUB,,"El Indio, TX",721,2021-05-20,,TexNet Permanent,Broadband
TX,PB34,-104.037778,31.676667,Unavailable,TXHUB,,"Reeves, TX",969.3,2021-07-06,,TexNet Portable,Broadband
TX,ELG6,-100.3263558,28.4816558,University of Texas,TXHUB,,"SSW of El Indio, TX",229,2021-06-30,,TexNet Portable,
TX,MB11,-101.972645,32.146839,Texas Seismological Network,TXHUB,,Midland,812,2021-10-05,,TexNet Portable,Broadband
TX,MB12,-101.602778,32.368611,Unavailable,TXHUB,,,775.6,2022-07-13,,TexNet Portable,Broadband
TX,PB35,-104.43203,31.656187,Unavailable,TXHUB,,"Van Horn, TX",1224,2022-07-27,,TexNet Portable,Broadband
TX,PB37,-104.528416,31.71847,Unavailable,TXHUB,,"Van Horn, TX",1263,2022-07-29,,TexNet Portable,Broadband
TX,PB38,-104.426634,31.72972,Unavailable,TXHUB,,"Van Horn, TX",1240,2022-07-29,,TexNet Portable,Broadband
TX,PB40,-103.9339588,31.6419935,Unavailable,TXHUB,,,935,2022-08-21,,TexNet Portable,Broadband
TX,PB42,-103.640224,31.764578,,,,Loving,830,2022-09-08,,TexNet Portable,
TX,PB43,-103.864872,31.680019,Unavailable,TXHUB,,"Reeves County, TX",896,2022-09-23,,TexNet Portable,Broadband
TX,MB13,-101.633469,32.321431,Unavailable,TXHUB,,"Howard County, TX",774,2022-09-29,,TexNet Portable,Broadband
TX,PB20,-104.06179,31.6281,,,,"Culberson County ,TX",1022,2022-07-10,,TexNet Portable,Broadband
TX,PB23,-104.07276,31.66404,,,,"Culberson Count, Texas",1005,2022-07-10,,TexNet Portable,Broadband
TX,PB24,-104.01776,31.61979,,,,"Reeves County, Texas",997,2022-07-11,,TexNet Portable,Broadband
TX,PB25,-104.07019,31.58308,,,,"Culberson County, Texas",1037,2022-07-11,,TexNet Portable,Broadband
TX,PB26,-104.12579,31.57819,,,,"Culberson County, Texas",1065,2022-07-10,,TexNet Portable,Broadband
TX,PB36,-104.425899,31.680262,Unavailable,TXHUB,,"Van Horn, TX",1218,2022-07-27,,TexNet Portable,Broadband
TX,MB14,-101.618194,32.209722,,,,Whistling Duck SWD,814,2022-11-16,,TexNet Portable,
TX,MB15,-102.165848,32.393918,Unavailable,TXHUB,,"Lenorah, TX",855,2022-11-16,,TexNet Portable,Broadband
TX,MB16,-102.236844,32.337047,Unavailable,TXHUB,,"Midland, TX",904,2023-01-16,,TexNet Portable,Broadband
TX,MB17,-102.04114,32.031106,,,,"Midland,  TX",852,2023-02-16,,TexNet Portable,Broadband
TX,MB18,-102.171812,32.082143,Unavailable,TXHUB,,"Midland, TX",871,2023-02-16,,TexNet Portable,Broadband
TX,PB44,-103.986965,31.92377,,,,"Angeles, TX",894,2023-03-08,,TexNet Portable,Broadband
TX,YK01,-103.008071,33.110552,,,,"Denver City, TX",1150,2023-03-13,,TexNet Portable,
TX,MB03,-100.615009,31.741898,,,,,734,2023-04-19,,TexNet Portable,Broadband
TX,MB19,-101.71205,32.396522,Texas Seismological Network,TXHUB,,"Midland, TX",786,2023-05-03,,TexNet Portable,Broadband
TX,PB51,-103.381836,31.940163,Unavailable,TXHUB,,"Mentone,TX",978,2023-05-18,,TexNet Portable,Broadband
TX,MB22,-101.721534,32.518495,Unavailable,TXHUB,,"Ackerly, TX",857,2022-07-11,,TexNet Portable,Broadband
TX,MB21,-101.727966,32.343507,Texas Seismological Network,TexNet,,TX,788,2023-07-11,,TexNet Portable,Broadband
TX,MB23,-101.800869,32.386609,,,,"Knott, TX",791,2023-08-09,,TexNet Portable,Broadband
TX,MB25,-102.4867,32.02737,,,,"Odessa, TX",921,2023-11-01,,TexNet Portable,Broadband
TX,PB46,-103.475133,31.706947,,,,"Loving, County",878,2023-11-08,,TexNet Portable,Broadband
TX,PB47,-103.3351,31.741433,,,,"Loving, County",861,2023-11-08,,TexNet Portable,Broadband
MG,JRQG,-100.446976,20.703686,Seismic Network of the NorthEastern Mexico,TXHUB,,Juriquilla,1965,2003-08-28,,Non-TexNet,Broadband
G,UNM,-99.178062,19.329662,GEOSCOPE,TXHUB,,Unam - Mexico,2280,1990-06-06,,Non-TexNet,Broadband
AE,319A,-109.280899,31.3757,Arizona Broadband Seismic Network,TXHUB,,Douglas,1187,2011-12-01,,Non-TexNet,Broadband
2T,EF56,-97.1894,29.5828,University of Texas,TXHUB,,Moulton,127.8,2018-09-26,,TexNet Portable,Broadband
2T,EF54,-97.6301,29.1577,University of Texas,TXHUB,,"Nixon, TX",122.4,2018-11-15,,TexNet Portable,Broadband
2T,EF58,-98.723,28.8365,University of Texas,TXHUB,,"Charlotte, TX",137,2018-11-16,,TexNet Portable,Broadband
2T,EF59,-98.4191,28.9501,University of Texas,TXHUB,,"Coughran, TX",98.1,2018-11-08,,TexNet Portable,Broadband
2T,EF73,-97.8966,28.9826,University of Texas,TXHUB,,"North Karnes, TX",90.4,2018-11-08,,TexNet Portable,Broadband
2T,EF51,-98.4979,28.7897,University of Texas,TXHUB,,"Christine, TX",98.3,2018-12-17,,TexNet Portable,Broadband
2T,EF64,-97.3128,29.7397,University of Texas,TXHUB,,"Waelder, TX",130.89,2018-12-17,,TexNet Portable,Broadband
2T,EF63,-97.4637,29.5756,University of Texas,TXHUB,,"Gonzales, TX",121.3,2018-12-17,,TexNet Portable,Broadband
2T,EF74,-98.4242,28.4376,University of Texas,TXHUB,,"Calliham, TX",95.2,2018-12-17,,TexNet Portable,Broadband
2T,EF62,-97.685,29.3651,University of Texas,TXHUB,,"Nixon, TX",98.8,2018-12-18,,TexNet Portable,Broadband
2T,EF69,-98.2802,28.6338,University of Texas,TXHUB,,"Whitsett, TX",59.3,2018-12-18,,TexNet Portable,Broadband
2T,EF71,-98.0439,28.6281,University of Texas,TXHUB,,"Pawnee, TX",94.9,2018-12-18,,TexNet Portable,Broadband
2T,EF66,-97.1239,29.351,University of Texas,TXHUB,,"Yoakum, TX",82.3,2018-12-18,2025-01-08,TexNet Portable,Broadband
2T,EF68,-97.9893,28.7685,University of Texas,TXHUB,,"Kenedy, TX",138.4,2018-12-18,,TexNet Portable,Broadband
2T,EF65,-96.9805,29.6716,University of Texas,TXHUB,,"Schulenburg, TX",71.5,2018-12-18,,TexNet Portable,Broadband
2T,EF75,-97.832,28.6933,University of Texas,TXHUB,,"Tulsita, TX",113.4,2018-12-19,,TexNet Portable,Broadband
2T,EF72,-97.59197,28.86009,University of Texas,TXHUB,,"Nordheim, TX",110,2018-12-19,,TexNet Portable,Broadband
2T,EF61,-97.9834,29.1253,University of Texas,TXHUB,,"Poth, TX",97.1,2018-12-20,,TexNet Portable,Broadband
2T,EF67,-97.3682,29.1298,University of Texas,TXHUB,,"Cuero, TX",54.1,2018-12-20,,TexNet Portable,Broadband
2T,EF53,-97.8044,29.0551,University of Texas,TXHUB,,"Gillett, TX",98.1,2018-12-20,,TexNet Portable,Broadband
2T,EF55,-97.4153,29.2628,University of Texas,TXHUB,,"Cheapside, TX",112.6,2019-04-18,,TexNet Portable,Broadband
2T,EF76,-98.1947,28.5203,University of Texas,TXHUB,,"Three Rivers, TX",48,2019-04-19,,TexNet Portable,Broadband
2T,EF52,-98.20175,28.84362,University of Texas,TXHUB,,"Cambellton, TX",115,2019-04-26,,TexNet Portable,Broadband
2T,EF77,-97.97107,28.24334,University of Texas,TXHUB,,"Dinero,TX",62,2021-08-18,,TexNet Portable,Broadband
4T,NM01,-103.39849,32.35514,,TXNET,,"Eunice, NM",1038,2018-05-25,,TexNet Portable,Broadband
4T,NM02,-103.879,32.2641,,TXNET,,"Loving, NM",1045.4,2018-07-20,,TexNet Portable,Broadband
4T,NM03,-103.63428,32.472544,,TXNET,,"Eunice, NM",1145,2018-07-20,,TexNet Portable,Broadband
AG,WLAR,-93.112,33.688,,,,,77,2010-02-23,,Non-TexNet,Broadband
OK,ELIS,-99.418043,36.065254,,,,,641,2016-04-07,,Non-TexNet,Broadband
OK,LOOK,-97.179993,33.992428,,,,,286,2015-05-01,,Non-TexNet,Broadband
OK,X37A,-95.3713,34.589199,,,,,207,2012-02-24,,Non-TexNet,Broadband
OK,FNO,-97.401154,35.257381,,,,,360,2011-09-16,,Non-TexNet,Broadband
OK,W35A,-96.874527,35.15274,,,,,322,2012-02-15,,Non-TexNet,Broadband
OK,X34A,-97.832558,34.601021,,,,,364,2011-10-13,,Non-TexNet,Broadband
N4,441B,-93.1898,30.7498,,,,LA / DeRidder,33,2014-01-15,,Non-TexNet,Broadband
N4,545B,-90.489403,30.0441,,,,,8,2014-01-21,,Non-TexNet,Broadband
N4,735B,-97.808197,28.855301,,,,,109,2014-02-27,,Non-TexNet,Broadband
N4,ABTX,-99.643097,32.623798,,,,,502,2018-08-15,,Non-TexNet,Broadband
N4,MSTX,-102.7724,33.969601,,,,,1167,2018-08-15,,Non-TexNet,Broadband
N4,WHTX,-97.4561,31.991301,,,,,190,2018-08-15,,Non-TexNet,Broadband
N4,Z35B,-97.252998,33.330898,,,,,234,2014-02-10,,Non-TexNet,Broadband
N4,Z38B,-94.9852,33.2599,,,,TX / Mount Pleasant,115,2014-02-12,,Non-TexNet,Broadband
IM,TX01,-103.6677,29.334,,,,,996.7999878,1995-04-03,,Non-TexNet,Raspberry Shake
IM,TX02,-103.658,29.3299,,,,,965.2999878,1995-03-29,,Non-TexNet,Raspberry Shake
IM,TX03,-103.6743,29.3314,,,,,996.5,1972-01-03,,Non-TexNet,Raspberry Shake
IM,TX04,-103.6673,29.3399,,,,,997.2000122,1995-03-29,,Non-TexNet,Raspberry Shake
IM,TX06,-103.682,29.319,,,,,939.5,1995-03-29,,Non-TexNet,Raspberry Shake
IM,TX07,-103.689,29.3404,,,,,1069.699951,1995-03-29,,Non-TexNet,Raspberry Shake
IM,TX08,-103.6769,29.3509,,,,,1044.5,1995-03-29,,Non-TexNet,Raspberry Shake
IM,TX09,-103.6602,29.3437,,,,,988.2999878,1995-03-29,,Non-TexNet,Raspberry Shake
IM,TX10,-103.7035,29.3305,,,,,1034.1,1995-03-29,2025-09-23,Non-TexNet,Raspberry Shake
IM,TX31,-103.6677,29.3343,,,,,991.4000244,1998-10-30,,Non-TexNet,Broadband
IM,TX32,-103.6677,29.334,,,,,995.5,2000-12-14,,Non-TexNet,Broadband
4O,LWM1,-103.63,31.2312,Layne Water Midstream,,,"North of Verhalen, TX",826.8,2019-07-26,,Non-TexNet,Broadband
4O,LWM2,-103.5847,31.2699,Layne Water Midstream,,,,812,2019-07-26,,Non-TexNet,Broadband
4O,PR01,-103.270332,31.2365,VTX Energy Partners,TXHUB,,P06,826,2020-02-27,,Non-TexNet,Broadband
4O,MID02,-102.1669,32.1297,Diamondback,TXHUB,,"Midland, TX",883,2021-12-07,,Non-TexNet,Broadband
4O,HP01,-101.2256703,32.4498025,High Peak,TXHUB,,,736,2022-01-03,,Non-TexNet,Broadband
4O,CT01,-104.144532,31.90285,Coterra,,,,994,2022-02-25,,Non-TexNet,Broadband
4O,CT02,-104.122493,31.95689,Coterra,,,,952,2022-02-25,,Non-TexNet,Broadband
4O,WB03,-103.9688386,31.6107215,Waterbridge,,,,994,2022-05-10,,Non-TexNet,Broadband
4O,WB02,-103.9449205,31.7363019,Waterbridge,,,,932,2022-05-10,,Non-TexNet,Broadband
4O,WB04,-103.950319,31.530513,Waterbridge,,,,961.89,2022-08-26,,Non-TexNet,Broadband
4O,WB05,-103.8329479,31.7537807,Waterbridge,,,,854.81,2022-08-26,,Non-TexNet,Broadband
4O,WB06,-103.7187809,31.9975481,Waterbridge,Waterbridge,,"Loving Co., TX",950.93,2022-08-26,,Non-TexNet,Broadband
4O,WB07,-103.8016616,31.99830925,Waterbridge,,,"Loving Co., TX",942.37,2022-08-26,,Non-TexNet,Broadband
4O,WB08,-103.759894,31.96355,Waterbridge,,,"Loving Co., TX",928.58,2022-08-26,,Non-TexNet,Broadband
4O,WB09,-103.8032847,31.96368917,Waterbridge,,,"Loving Co., TX",910.79,2022-08-26,,Non-TexNet,Broadband
4O,WB10,-103.7218932,31.93042,,,,"Loving Co., TX",910.9,2022-08-26,,Non-TexNet,Broadband
4O,WB11,-103.8004139,31.92770654,Waterbridge,,,"Loving Co., TX",905,2022-08-26,,Non-TexNet,Broadband
4O,WB12,-103.7642735,31.898132,Waterbridge,,,"Loving Co., TX",886,2022-08-26,,Non-TexNet,Broadband
4O,CV01,-104.0889,31.8504,Chevron,TXHUB,,"Orla, TX",983,2022-11-08,,Non-TexNet,Broadband
4O,BP01,-103.8244,31.8409,BPX,TXHUB,,"East of Orla,  TX",806,2023-02-03,,Non-TexNet,Broadband
ZW,CHDR,-96.976303,32.6003,,,,,261,2017-07-25,2018-12-31,TexNet Portable,Short period
ZW,CLHT,-97.548,32.2734,,,,,228,2018-08-31,2019-04-15,TexNet Portable,Short period
ZW,IFS3,-96.9211,32.8312,,,,,150,2015-01-08,2025-01-01,TexNet Portable,Short period
ZW,ILCC,-96.9472,32.861,,,,,158,2015-02-20,2025-01-01,TexNet Portable,Short period
ZW,IPD1,-96.9333,32.889,,,,,128,2015-01-17,2025-01-01,TexNet Portable,Short period
ZW,IPD1V,-96.9334,32.8888,,,,,148,2017-01-25,2025-01-01,TexNet Portable,Short period
ZW,ITL1,-96.899,32.8489,,,,,230,2015-01-07,2025-01-01,TexNet Portable,Short period
ZW,ITSC,-96.8498,32.8903,,,,,158,2015-01-11,2025-01-01,TexNet Portable,Short period
ZW,AZDA,-97.555298,32.972801,,,,,238,2014-01-08,2018-12-31,TexNet Portable,Short period
ZW,IFBF,-96.913528,32.923664,,,,,132,2015-01-26,2017-12-31,TexNet Portable,Short period
4F,V2600,-97.0995,32.5095,,,,,177,2015-05-10,2025-01-01,Non-TexNet,Short period
4F,VALP,-97.1425,32.5202,,,,,195,2017-03-10,2025-01-01,Non-TexNet,Short period
4F,VBB1,-97.2331,32.452,,,,,238,2015-05-10,2025-01-01,Non-TexNet,Short period
4F,VMCM,-97.0809,32.4579,,,,,177,2015-05-10,2025-01-01,Non-TexNet,Short period
4F,VNLC,-97.2036,32.5759,,,,,206,2015-05-10,2025-01-01,Non-TexNet,Short period
4F,VSAB,-97.2303,32.4963,,,,,210,2015-05-10,2025-01-01,Non-TexNet,Short period
4F,VVFD,-97.1031,32.4325,,,,,208,2015-05-10,2025-01-01,Non-TexNet,Short period
4F,VPCC,-97.1551,32.462,,,,,200,2019-07-15,2025-01-01,Non-TexNet,Short period
4F,VPCK,-97.1659,32.4584,,,,,200,2015-05-10,2019-07-16,Non-TexNet,Short period
DB,UB01,-103.2117,31.1133,Unavailable,TXHUB,,"Coyanosa,TX",844,2020-11-16,2025-05-28,Non-TexNet,Broadband
GM,NMP01,-103.86048,32.20476,U.S. Geological Survey Networks (),,,New Mexico Permian - Site# 01,1048,2019-11-05,,Non-TexNet,Broadband
GM,NMP02,-103.86139,32.08945,U.S. Geological Survey Networks (),,,New Mexico Permian - Site# 02,996,2019-11-05,,Non-TexNet,Broadband
GM,NMP11,-103.93155,32.00668,U.S. Geological Survey Networks (),,,New Mexico Permian - Site# W1S1,882.7,2021-03-17,,Non-TexNet,Broadband
GM,NMP12,-103.95259,32.12755,U.S. Geological Survey Networks (),,,New Mexico Permian - Site# W1S2,951.8,2021-03-17,,Non-TexNet,Broadband
GM,NMP23,-103.802893,32.167112,U.S. Geological Survey Networks (),,,New Mexico Permian - Site# W2S3,1049.6,2021-06-02,,Non-TexNet,Broadband
GM,NMP25,-103.860072,32.33787,U.S. Geological Survey Networks (),,,New Mexico Permian - Site# W2S5,983,2020-08-26,,Non-TexNet,Broadband
GM,NMP31,-103.73465,32.03585,U.S. Geological Survey Networks (),,,New Mexico Permian - Site# W3S1,972.8,2021-03-18,,Non-TexNet,Broadband
GM,NMP34,-103.68967,32.26384,U.S. Geological Survey Networks (),,,New Mexico Permian - Site# W3S4,1121.7,2020-08-25,,Non-TexNet,Broadband
GM,NMP35,-103.724675,32.352297,U.S. Geological Survey Networks (),,,New Mexico Permian - Site# W3S5,1071,2021-06-01,,Non-TexNet,Broadband
GM,NMP41,-103.596471,32.00509,U.S. Geological Survey Networks (),,,New Mexico Permian - Site# W4S1,959.9,2020-08-28,,Non-TexNet,Broadband
GM,NMP44,-103.61883,32.20474,U.S. Geological Survey Networks (),,,New Mexico Permian - Site# W4S4,1085.7,2021-03-19,,Non-TexNet,Broadband
GM,NMP45,-103.58198,32.33145,U.S. Geological Survey Networks (),,,New Mexico Permian - Site# W4S5,1127.4,2021-06-01,,Non-TexNet,Broadband
GM,NMP51,-103.421678,32.00448,U.S. Geological Survey Networks (),,,New Mexico Permian - Site# W5S1,975,2021-06-02,,Non-TexNet,Broadband
GM,NMP53,-103.431176,32.17626,U.S. Geological Survey Networks (),,,New Mexico Permian - Site# W5S3,1037.3,2020-08-27,,Non-TexNet,Broadband
TX,DG10,-103.488839,31.392949,University of Texas,TexNet,,"Pecos, TX",790,2023-11-30,,TexNet Portable,
TX,PB39,-104.060349,31.721691,Unavailable,TXHUB,,"Culberson, TX",950,2023-11-04,,TexNet Portable,Broadband
4O,MG01,-101.952749,32.402017,"Maguey Operating, LLC. / Lagoon Water",TXHUB,,Martin County,856,2023-10-01,,Non-TexNet,Broadband
TX,PB52,-103.283161,31.778746,,,,Winkler County,861,2024-02-22,,TexNet Portable,
TX,PB53,-103.23596,31.79929,,,,Winkler County,867,2024-02-22,,TexNet Portable,
TX,PB54,-103.416746,31.894457,Unavailable,TXHUB,,Loving County,940,2024-03-07,,TexNet Portable,Broadband
TX,PB56,-103.8703449,31.8032778,,,,Reeves County,867,2024-03-20,,TexNet Portable,
TX,PB55,-103.9381042,31.8028225,,,,Reeves County,913,2024-03-20,,TexNet Portable,
TX,PB57,-103.965278,31.7692277,,,,Reeves County,919,2024-03-20,,TexNet Portable,
TX,PB58,-103.932653,31.699787,,,,,895,2024-04-04,,TexNet Portable,
TX,EF08,-99.110482,28.884991,,,,Pearsall,182,2024-04-17,,TexNet Portable,Broadband
TX,EF06,-99.865593,28.75082,,,,Crystal City,186,2024-04-18,,TexNet Portable,Broadband
TX,PB59,-104.81204,31.889954,,,,"Culberson, County",1705,2024-04-25,,TexNet Portable,
4O,HP02,-101.198306,32.523756,,,,,698,2026-01-01,,Non-TexNet,Broadband
4O,EE01,-102.038176,32.245086,Diamondback / Deep Blue Water,TXHUB,,,843,2024-05-30,,Non-TexNet,Broadband
TX,ET02,-94.108269,31.587117,,,,San Augustine County,143,2024-07-11,,TexNet Portable,
2T,EF78,-98.601123,27.887311,,,,Duval County,156,2024-07-16,2024-09-13,TexNet Portable,
DB,MID02,-102.1669,32.1297,Unavailable,TXHUB,,"Midland, TX",883,2020-11-16,2021-12-07,Non-TexNet,Broadband
TX,SN06,-100.93311,32.87767,Unavailable,TXHUB,,"Snyder, TX",769,2017-03-09,2018-11-29,TexNet Portable,Broadband
TX,EF01,-98.38039,29.12809,Unavailable,TXHUB,,"Floresville, TX",173,2017-07-19,2018-06-20,TexNet Portable,Broadband
TX,FW08,-97.11214,32.48811,Unavailable,TXHUB,,"Lillian, TX",184,2018-05-25,2018-11-04,TexNet Portable,Broadband
TX,PH01,-101.703465,35.57899,Unavailable,TXHUB,,"Fritch, TX",870,2018-10-25,2019-02-11,TexNet Portable,Broadband
TX,PH04,-101.912941,35.23603,Unavailable,TXHUB,,"Amarillo, TX",1062,2018-10-26,2019-02-11,TexNet Portable,Broadband
TX,PB16A,-103.252,31.12496,University of Texas,TXHUB,,"Coyonosa, TX",848,2019-02-13,2019-04-10,TexNet Portable,Broadband
TX,SN05,-100.88431,32.87838,Unavailable,TXHUB,,"Snydet, TX",724,2017-03-09,2019-07-31,TexNet Portable,Broadband
TX,EF00,-98.38039,29.12809,Unavailable,TXHUB,,"Floresville, TX",173,2018-02-02,2019-09-08,TexNet Portable,Broadband
TX,SN01,-100.88986,32.86147,Unavailable,TXHUB,,"Snyder, TX",717,2017-03-09,2019-09-30,TexNet Portable,Broadband
TX,PB02,-103.510162,31.408951,Unavailable,TXHUB,,"Pecos, TX",792,2017-01-27,2020-07-30,TexNet Portable,Broadband
TX,PB15,-103.08439,31.2114,Texas Seismological Network,TXHUB,,Coyonosa,743,2019-06-27,2020-09-01,TexNet Portable,Broadband
TX,FW03,-98.065202,33.039624,Unavailable,TXHUB,,"Mineral Wells, TX",321,2016-10-18,2021-06-16,TexNet Portable,Broadband
TX,FW16,-96.89716,32.48187,Unavailable,TXHUB,,"Waxahatchie, TX",193,2016-11-16,2021-10-08,TexNet Portable,Broadband
TX,HNVL,-95.466664,30.75643,Unavailable,TXHUB,,Huntsville TX,87,2017-04-06,2021-12-09,TexNet Permanent,Broadband
TX,OG03,-102.4867,32.02737,University of Texas,TexNet,,"Odessa, TX",921,2020-09-09,2023-11-01,TexNet Portable,
TX,DG03,-103.48416,31.38856,University of Texas,TexNet,,"Pecos, TX",830,2020-03-06,2023-11-30,TexNet Portable,
TX,EF07,-98.017968,28.983735,Unavailable,TXHUB,,Karnes County,95,2024-09-06,,TexNet Portable,Broadband
4T,EL07,-95.082627,29.653474,University of Texas,TexNet,,EL07,9,2021-12-01,2024-02-01,TexNet Portable,
4T,EL04,-95.309331,29.563707,University of Texas,TexNet,,EL04,2,2022-03-10,2024-02-01,TexNet Portable,
4T,EL06,-95.173643,29.660086,University of Texas,TexNet,,EL06,11,2022-03-29,2024-02-01,TexNet Portable,
4T,FMR1,-98.5675,26.602778,University of Texas,TexNet,,"Starr County, TX",140,2021-10-06,2024-05-02,TexNet Portable,
4T,FMR2,-98.58452,26.57328,University of Texas,TexNet,,"Starr County, TX",140,2021-10-06,2024-05-02,TexNet Portable,
4T,FMR4,-98.5649445,26.5790753,Unavailable,TXHUB,,"Starr County, TX",137,2021-10-08,2024-05-02,TexNet Portable,Broadband
US,JCT,-99.8022,30.4794,,,,,591,2000-02-03,,Non-TexNet,Broadband
4O,WB01,-104.060278,31.721667,Waterbridge,TXHUB,,"Culberson, TX",927,2021-07-06,2023-11-04,Non-TexNet,Broadband
TA,ABTX,-99.6431,32.6238,USArray Transportable Array (NSF EarthScope Projec,TXHUB,,Abilene,502,2009-02-12,2018-08-15,Non-TexNet,Broadband
TA,MSTX,-102.7724,33.9696,USArray Transportable Array (NSF EarthScope Projec,TXHUB,,Muleshoe,1167,2008-04-23,2018-08-15,Non-TexNet,Broadband
TA,T25A,-104.4108,37.1388,USArray Transportable Array (NSF EarthScope Projec,TXHUB,,Trinidad,2017,2008-05-25,2019-03-07,Non-TexNet,Broadband
TA,WHTX,-97.4561,31.9913,USArray Transportable Array (NSF EarthScope Projec,TXHUB,,Lake Whitney,190,2009-02-11,2018-08-15,Non-TexNet,Broadband
TA,Y22D,-106.921,34.0739,USArray Transportable Array (NSF EarthScope Projec,TXHUB,,IRIS PASSCAL Instrument Center,1436,2007-09-29,2019-11-30,Non-TexNet,Broadband
TA,121A,-107.7851,32.5324,USArray Transportable Array (NSF EarthScope Projec,TXHUB,,Cookes Peak,1652,2008-02-12,2019-03-08,Non-TexNet,Broadband
TA,833A,-99.3939,28.3236,USArray Transportable Array (NSF EarthScope Projec,TXHUB,,Chaparral WMA,171,2009-12-04,2019-03-05,Non-TexNet,Broadband
ZW,AFDA,-97.048401,32.822601,,,,,165,2014-12-08,2018-02-27,TexNet Portable,Short period
ZW,AZWR,-98.311996,32.811501,,,,,381,2014-01-27,2017-12-31,TexNet Portable,Broadband
ZW,IFSC,-96.906097,32.875198,,,,,134,2017-11-20,2018-12-31,TexNet Portable,Short period
ZW,AZVM,-97.5488,33.0313,,,,,208,2018-07-02,2019-12-25,TexNet Portable,Short period
ZW,IFDF,-96.9044,32.7756,,,,,130,2015-01-30,2021-08-12,TexNet Portable,Broadband
ZW,LLGR,-96.7872,33.1821,,,,,223,2018-02-27,2021-06-11,TexNet Portable,Short period
N4,237B,-95.808403,32.001499,,,,,116,2014-02-05,2019-03-05,Non-TexNet,Broadband
TX,PB27,-103.1307,31.57632,,,,"North of Pyote, TX",812.3,2019-07-23,2020-04-13,TexNet Portable,Broadband
TX,EF09,-98.601123,27.887311,,,,Duval County,156,2024-09-13,,TexNet Portable,
4T,FMR3,-98.5413535,26.5808215,,,,"Starr County, TX",131,2021-10-06,2024-05-02,TexNet Portable,Broadband
4T,EL08,-95.124682,29.567319,University of Texas,TexNet,,,10,2021-11-18,2024-02-01,TexNet Portable,
4T,EL05,-95.286764,29.647182,University of Texas,TexNet,,,12,2022-04-26,2024-02-01,TexNet Portable,
4T,EL01,-95.136906,29.613102,,,,Ellington AFB,8,2021-11-05,2024-03-27,TexNet Portable,Broadband
4T,EL02,-95.166403,29.590574,,,,Ellington AFB,10,2021-11-05,2024-03-27,TexNet Portable,Broadband
4T,EL03,-95.174532,29.622642,,,,Ellington AFB,13,2021-11-05,2024-03-27,TexNet Portable,Broadband
4O,EE04,-101.998815,32.321635,Diamondback / Deep Blue Water,TXHUB,,,999,2024-09-11,,Non-TexNet,Broadband
4F,VBMS,-97.148499,32.498798,,,,,197,2015-05-10,2017-11-30,Non-TexNet,Short period
4F,FWTW,-97.2785,32.7347,,,,,185,2017-11-29,2021-08-11,Non-TexNet,Short period
SC,BAR,-106.627831,34.150002,New Mexico Tech Seismic Network (),,,Barrett,2121,1999-01-01,,Non-TexNet,Short period
SC,BMT,-107.260162,34.275002,New Mexico Tech Seismic Network (),,,Bear Mountains,1987,1999-01-01,,Non-TexNet,Short period
SC,CAR,-106.734497,33.952499,New Mexico Tech Seismic Network (),,,Carthage,1658,1999-01-01,,Non-TexNet,Short period
SC,LAZ,-107.013931,34.241199,New Mexico Tech Seismic Network (),,,Sierra Ladrones,1878,1999-01-01,,Non-TexNet,Short period
SC,LPM,-106.631836,34.3116,New Mexico Tech Seismic Network (),,,Los Pinos Mountains,1737,1999-01-01,,Non-TexNet,Short period
SC,MLM,-107.144997,34.814167,New Mexico Tech Seismic Network (),,,Mesa Lucero,2088,1999-01-01,,Non-TexNet,Short period
SC,SRGE,-106.859268,34.047657,New Mexico Tech Seismic Network (),,,Socorro-Rio Grand station,0,2011-08-18,,Non-TexNet,Broadband
SC,WTX,-106.945831,34.072166,New Mexico Tech Seismic Network (),,,Woods Tunnel,1555,1999-01-01,,Non-TexNet,Short period
SC,Y22D,-106.921,34.0739,,,,PASSCAL Instrument Center,1436,2020-01-01,,Non-TexNet,Broadband
TA,KSCO,-102.6273,39.0112,,,,,1382,2008-12-03,2018-08-15,Non-TexNet,Broadband
TA,N23A,-105.944,40.8947,,,,,2458,2008-07-05,2019-03-04,Non-TexNet,Broadband
TA,O20A,-108.2416,40.1348,,,,,1915,2007-11-12,2018-08-15,Non-TexNet,Broadband
TA,TUL1,-95.7919,35.9104,,,,,256,2008-10-16,2017-04-25,Non-TexNet,Broadband
TA,TUL3,-95.7918,35.9105,,,,,265,2017-04-25,2018-08-15,Non-TexNet,Broadband
TA,Q24A,-105.1492,38.9641,,,,,2775,2008-06-28,2019-03-07,Non-TexNet,Broadband
TA,S22A,-106.8293,37.7461,,,,,2626,2008-06-15,2019-03-07,Non-TexNet,Broadband
TA,Y22F,-106.9209,34.0741,,,,,1439,2016-09-17,2018-05-18,Non-TexNet,Broadband
TA,435B,-97.585,30.7827,,,,,248,2010-01-15,2019-03-05,Non-TexNet,Broadband
IM,TX11,-103.6677,29.3344,,,,,1003.400024,2000-12-14,2018-03-27,Non-TexNet,Raspberry Shake
ZP,SC04,-97.473422,34.36356,,,,,300,2016-11-11,2017-12-31,Non-TexNet,Short period
ZP,SC08,-96.393077,34.687273,,,,,200,2016-12-12,2017-12-31,Non-TexNet,Short period
ZP,SC09,-97.365705,34.545088,,,,,291,2017-04-07,2017-12-31,Non-TexNet,Broadband
ZP,SC12,-99.3547,34.921667,,,,,472,2017-04-14,2017-12-31,Non-TexNet,Broadband
ZP,SC13,-96.945632,34.727653,,,,,363,2017-05-11,2017-12-31,Non-TexNet,Broadband
ZP,SC14,-98.243927,34.452052,,,,,339,2017-05-11,2017-12-31,Non-TexNet,Broadband
ZP,SC15,-99.50059,35.606645,,,,,550,2017-05-12,2017-12-31,Non-TexNet,Broadband
DB,MID01,-102.2322,31.949,Unavailable,TXHUB,,"MIdland, TX",880,2020-11-16,2023-02-17,Non-TexNet,Broadband
DB,MID04,-101.8636,32.2189,Unavailable,TXHUB,,"Midland, TX",853,2022-02-14,,Non-TexNet,Broadband
TX,PB17,-103.15182,30.99675,,,,Fort Stockton,734,2020-02-20,,TexNet Portable,
4O,AT01,-101.73096,31.80227,Aqua Terra Permian LLC,,,,815,2023-01-22,,Non-TexNet,Broadband
4O,GV01,-101.6023,32.4065,Gravity Water Midstream OP LLC,,,Howard County,807,2023-07-09,,Non-TexNet,Broadband
4O,SA07,-104.36481,31.86578,Blackbuck Resources,,,,1103,2022-07-31,2025-08-09,Non-TexNet,Broadband
4O,SA09,-104.31933,31.9998,Blackbuck Resources,,,,1069,2022-07-31,2025-08-09,Non-TexNet,Broadband
4O,SM01,-101.9041,32.1913,"Stonehill Martin, LLC",,,,852,2023-06-01,,Non-TexNet,Broadband
4O,GV02,-101.39524,32.35144,Gravity Water Midstream OP LLC,,,Howard County,779,2023-07-09,,Non-TexNet,Broadband
4O,MO01,-101.4394,32.5118,Murchison O&G Inc.,,,,794,2023-03-05,,Non-TexNet,Broadband
4O,SM02,-102.1208,32.3607,"Stonehill Martin, LLC",,,,883,2023-11-08,,Non-TexNet,Broadband
4O,PL01,-103.3596294,31.9948147,Pilot Water ISM,,,,949,2022-01-03,,Non-TexNet,Broadband
4O,MBBB2,-102.073906,32.053452,ExxonMobil,,,,850,2022-03-10,,Non-TexNet,Broadband
4O,MBBB3,-101.709457,31.843938,ExxonMobil,,,,727,2023-01-19,,Non-TexNet,Broadband
4O,MBBB4,-101.89224,31.830239,ExxonMobil,,,,714,2023-01-19,,Non-TexNet,Broadband
4O,MBBB5,-102.082661,32.282248,ExxonMobil,,,,779,2023-01-20,,Non-TexNet,Broadband
4O,DB02,-103.1096,31.1858,Diamondback,TXHUB,,"Coyanosa,TX (3)",820,2021-02-22,,Non-TexNet,Broadband
4O,DB03,-103.078,31.1162,Diamondback,TXHUB,,"Coyanosa, TX (2)",839,2021-02-22,,Non-TexNet,Broadband
4O,DB04,-103.1054,31.0664,Diamondback,TXHUB,,"Coyanosa,TX (1)",868,2021-02-22,,Non-TexNet,Broadband
4O,MBBB1,-101.89107,32.246247,Exxon/Mobil,,,,855,2021-09-16,,Non-TexNet,Broadband
4O,MID01,-102.2322,31.946,Unavailable,TXHUB,,"Midland, TX",880,2021-09-16,,Non-TexNet,Broadband
4O,OP01,-101.36427,32.43232,Gravity SWD,,,"NE of Big Spring, TX",760,2021-06-30,,Non-TexNet,Broadband
4O,SA02,-104.2649,31.67163,"Saturn SWD, LLC",,,"West of Orla, TX",1127.5,2021-12-07,,Non-TexNet,Broadband
4O,SA04,-104.25458,31.75593,"Saturn SWD, LLC",,,"West of Orla, TX",1092.1,2021-12-07,,Non-TexNet,Broadband
4O,SA06,-104.14971,31.75696,"Saturn SWD, LLC",,,"West of Orla, TX",1048.2,2021-12-07,,Non-TexNet,Broadband
4O,MID03,-102.210847,32.012079,Diamondback,,,,855,2022-02-14,,Non-TexNet,Broadband
4O,CF01,-100.58318,32.80184,Clear Fork,,,,640,2022-03-20,,Non-TexNet,Broadband
4O,SM03,-101.8702,32.288,"Stonehill Martin, LLC",,,,863,2023-12-10,,Non-TexNet,Broadband
4O,LWM3,-103.608,31.4101,"Layne SWD, LLC",,,,821,2023-12-10,,Non-TexNet,Broadband
4O,SD01,-101.9796,32.5455,"Stonehill Dawson, LLC",,,,877,2024-01-08,,Non-TexNet,Broadband
4O,GV03,-101.6395,32.11,Gravity Water Midstream OP LLC,,,,765,2024-02-05,,Non-TexNet,Broadband
4O,CW01,-101.70247,32.19525,Clear Water Inc,,,,764,2024-02-18,,Non-TexNet,Broadband
4O,SM04,-102.111,32.4079,"Stonehill Martin, LLC",,,,880,2024-03-11,,Non-TexNet,Broadband
4O,OE01,-101.75484,32.48091,Overflow Energy Permian LLC,,,"Martin, County",830,2024-03-20,,Non-TexNet,Broadband
4O,VW01,-103.3745,31.5107,Velocity Water Solutions,,,,1000,2024-04-29,,Non-TexNet,Broadband
4O,EE02,-101.999498,32.306603,Diamondback / Deep Blue Water,TXHUB,,,999,2024-08-21,2025-05-22,Non-TexNet,Broadband
4O,GV04,-101.8344,32.3192,Gravity Water Midstream OP LLC,,,,817,2024-08-20,,Non-TexNet,Broadband
4O,EE03,-101.761496,31.61121,Diamondback / Deep Blue Water,TXHUB,,,999,2024-09-11,,Non-TexNet,Broadband
4O,MBBB6,-101.92309,31.917202,ExxonMobil,,,,819,2024-07-24,,Non-TexNet,Broadband
AM,R0F1A,-95.576,29.5978,RaspShake Network,ZCS,,Raspberry Shake Personal Seismograph Station,27,2016-11-01,2023-06-06,Non-TexNet,Raspberry Shake
AM,R9B84,-95.6986,29.9144,RaspShake Network,ZCS,,Raspberry Shake Personal Seismograph Station,46,2016-11-01,2021-02-11,Non-TexNet,Short period
AM,R9EE9,-96.7944,32.8533,RaspShake Network,ZCS,,Raspberry Shake Personal Seismograph Station,178,2016-11-01,2018-09-22,Non-TexNet,Raspberry Shake
AM,R349C,-101.9118,33.5954,RaspShake Network,ZCS,,Raspberry Shake Personal Seismograph Station (4D),985,2017-01-01,2023-06-05,Non-TexNet,Short period
AM,R3913,-98.4261,29.5843,RaspShake Network,ZCS,,Raspberry Shake Personal Seismograph Station (4D),256,2017-01-01,2018-09-12,Non-TexNet,Short period
AM,R7489,-95.5868,30.1825,RaspShake Network,ZCS,,Raspberry Shake Personal Seismograph Station (4D),67,2017-01-01,2018-08-08,Non-TexNet,Short period
AM,R7783,-97.8306,30.4717,RaspShake Network,ZCS,,Raspberry Shake Personal Seismograph Station (4D),297,2017-01-01,2020-01-06,Non-TexNet,Short period
AM,R7813,-96.5851,33.0413,RaspShake Network,ZCS,,Raspberry Shake Personal Seismograph Station,167,2017-01-01,2023-06-05,Non-TexNet,Short period
AM,RC421,-96.2945,30.6466,RaspShake Network,ZCS,,Raspberry Shake Personal Seismograph Station,88,2016-11-01,2021-02-15,Non-TexNet,Raspberry Shake
AM,REA98,-95.3852,29.81,RaspShake Network,ZCS,,Raspberry Shake Personal Seismograph Station,18,2016-11-01,2019-08-13,Non-TexNet,Raspberry Shake
AM,RFAE6,-97.1323,32.2972,RaspShake Network,ZCS,,Raspberry Shake Personal Seismograph Station,199,2016-11-01,2022-08-18,Non-TexNet,Raspberry Shake
AM,RFFB7,-97.1041,33.221,RaspShake Network,ZCS,,Raspberry Shake Personal Seismograph Station (4D),199,2017-01-01,2023-06-05,Non-TexNet,Short period
4O,BW01,-101.25893,32.35311,Bayswater Exploration & Production LLC,,,,729,2024-09-23,,Non-TexNet,Broadband
4O,BB01,-102.62554,31.50891,Blackbeard Operating LLC,,,,804,2024-09-23,,Non-TexNet,Broadband
4O,SE01,-102.34196,32.01531,Slant Energy,,,,898,2024-09-23,,Non-TexNet,Broadband
4O,WW01,-103.90409,31.769723,Wes Water Holdings,,,,877,2024-09-17,,Non-TexNet,Broadband
ZW,ITL2,-96.891518,32.84024,,,,,230,2014-01-07,2017-12-31,TexNet Portable,Short period
SC,CBET,-103.878998,32.4203,New Mexico Tech Seismic Network (),,,Carlsbad East Tower,1042,1999-01-01,,Non-TexNet,Short period
SC,CL2B,-103.878998,32.264099,New Mexico Tech Seismic Network (),,,Gnome Test Site,1046,1999-01-01,,Non-TexNet,Short period
SC,CL7,-103.8084,32.413,New Mexico Tech Seismic Network (),,,WIPP Site,1034,1999-01-01,,Non-TexNet,Broadband
SC,CPRX,-103.867302,33.0308,New Mexico Tech Seismic Network (),,,Cap Rock,1361,1999-01-01,,Non-TexNet,Broadband
SC,DAG,-104.691704,32.591,New Mexico Tech Seismic Network (),,,Dagger Draw,1280,1999-01-01,,Non-TexNet,Broadband
SC,GDL2,-104.363718,32.200748,,,,,1211,1999-01-01,,Non-TexNet,Broadband
SC,HTMS,-103.6343,32.472599,New Mexico Tech Seismic Network (),,,Hat Mesa,1192,1999-01-01,,Non-TexNet,Short period
SC,SRH,-104.515404,32.491798,New Mexico Tech Seismic Network (),,,Seven River Hills,1276,2004-05-12,,Non-TexNet,Short period
SC,SSS,-103.398598,32.355099,New Mexico Tech Seismic Network (),,,San Simon Sink,1072,1999-01-01,,Non-TexNet,Short period
NX,WTX28,-103.376924,32.878676,,,,,1173,2020-11-05,,,Broadband
NX,WTX29,-103.556767,32.741397,,,,,1207,2020-11-05,,,Broadband
4T,FOAK2,-98.484819,28.675399,,,,"Atascosa County, TX",102,2024-10-14,,TexNet Portable,
4T,FOAK1,-98.505556,28.654167,,,,"Atascosa County, TX",99,2024-10-14,,TexNet Portable,
4T,FOAK3,-98.509819,28.622016,,,,"McMullen County, TX",103,2024-10-14,,TexNet Portable,
4T,FOAK4,-98.533689,28.649671,,,,"McMullen county, TX",99,2024-10-14,,TexNet Portable,
4O,NGL01,-102.9968,32.2098,NGL Water Solutions Permian LLC.,,,,991,2024-10-08,,Non-TexNet,Broadband
4O,NGL02,-103.0443,32.2301,NGL Water Solutions Permian LLC.,,,,993,2024-10-08,,Non-TexNet,Broadband
TX,MB26,-102.638268,31.491225,,,,"Crane County, TX",800,2025-02-13,,TexNet Portable,
TX,PB41,-103.009892,31.284782,,,,,783,2024-12-06,,TexNet Portable,
N4,143B,-91.4036,32.7032,,,,LA / Pioneer,31,2014-01-30,,Non-TexNet,Broadband
N4,Z47B,-88.0696,33.1989,,,,AL / Carrollton,64,2014-02-28,,Non-TexNet,Broadband
AG,WHAR,-92.289,35.29,,,,,184,2010-02-15,,Non-TexNet,Broadband
AG,X40A,-92.8342,34.4873,,,,,158,2016-06-22,,Non-TexNet,Broadband
AG,Z41A,-92.803,33.2577,,,,,62,2016-08-10,,Non-TexNet,Broadband
IU,WVT,-87.83,36.1297,,,,,170,1997-04-16,,Non-TexNet,Broadband
4O,OE02,-101.8231,32.2168,Martin Water Midstream LLC,,,,845,2024-12-22,,Non-TexNet,Broadband
2T,EF80,-97.14223,29.3151,University of Texas,TXHUB,,"Yoakum, TX",80,2025-01-08,,TexNet Portable,Broadband
TX,DFG03,-96.898925,32.848849,University of Texas,TexNet,,,124,2025-01-23,,TexNet Portable,
TX,DFG04,-96.921362,32.831061,University of Texas,TexNet,,,125,2025-01-23,,TexNet Portable,
TX,DFG07,-97.203503,32.576212,University of Texas,TexNet,,,198,2025-01-24,,TexNet Portable,
TX,DFG06,-97.155079,32.461957,University of Texas,TexNet,,,197,2025-01-24,,TexNet Portable,
TX,DFG05,-97.103151,32.432535,University of Texas,TexNet,,,193,2025-01-24,,TexNet Portable,
TX,ET03,-94.173999,31.515911,,,,San Augustine County,75,2025-01-31,,TexNet Portable,
US,VBMS,-90.517671,32.21851,,,,,16,2007-04-13,,Non-TexNet,Broadband
4O,SM05,-102.155,32.30357,"Stonehill Martin, LLC,",,,,889,2025-02-08,,Non-TexNet,Broadband
TX,DFG01,-97.1425,32.5202,University of Texas,TexNet,,Johnson County,100,2025-03-19,,TexNet Portable,
TX,DFG09,-97.099243,32.507303,University of Texas,TexNet,,Johnson County,183,2025-03-19,,TexNet Portable,
4O,PRS01,-103.32042,31.8832,Waterbridge,,,,878,2025-02-15,,Non-TexNet,Broadband
TX,MB27,-101.899528,32.520028,Unavailable,TXHUB,,,844,2025-04-03,,TexNet Portable,Broadband
TX,MB28,-102.683735,32.798048,,,,,1034,2025-04-15,,TexNet Portable,Broadband
TX,MB15D,-102.165848,32.393918,,,,"Lenorah, TX",885,2025-04-16,,TexNet Portable,Broadband
TX,DFG08,-96.91021,32.833879,University of Texas,TexNet,,Dallas County,153,2025-04-17,,TexNet Portable,
TX,DFG10,-97.23047,32.496143,University of Texas,TexNet,,Johnson County,192,2025-04-17,,TexNet Portable,
4O,FOR01,-102.21466083,32.08600483,Fasken Oil and Ranch,,,Fasken ranch,871,2025-05-05,,Non-TexNet,Broadband
4O,SA01,-104.1021,31.7909,Saturn SWD LLC,,,,971,2025-05-03,,Non-TexNet,Broadband
TX,MB15A,-102.165886,32.393848,Guralp Systems,,,MB15A,899,2025-05-14,2025-05-30,TexNet Portable,Broadband
TX,MB29,-100.487088,31.903133,,,,"Coke County, TX",571,2025-05-22,,TexNet Portable,
4O,SM06,-101.925,32.5367,"Stonehill Dawson, LLC",,,,867,2025-05-19,,Non-TexNet,Broadband
TX,MB15C,-102.165886,32.393848,Guralp Systems,,,Martin County,899,2025-05-30,2025-07-10,TexNet Portable,Broadband
4O,DBL01,-102.120404,32.421461,Deep Blue Water,,,,879,2025-05-22,,Non-TexNet,Broadband
4O,DBL02,-102.028043,32.385171,Deep Blue Water,,,,866,2025-05-22,,Non-TexNet,Broadband
4O,EE05,-102.1392,32.4876,Diamondback / Deep Blue Water,TXHUB,,,860,2025-06-04,,Non-TexNet,Broadband
TX,DG11,-103.3778,31.10306,University of Texas,TexNet,,"Pecos, TX",861,2025-07-10,,TexNet Portable,
TX,MB31,-101.383693,32.598942,,,,BBorden County,742,2025-07-16,,TexNet Portable,
TX,ET04,-94.4272,31.6166,,,,,122,2025-08-06,,TexNet Portable,
TX,EF10,-96.672492,29.493642,,,,Colorado,6,2025-08-21,,TexNet Portable,Broadband
4O,VW02,-102.0121,32.1763,Velocity Water Solutions,,,,845,2025-09-14,,Non-TexNet,Broadband
4O,WB13,-103.38307,31.51692,Waterbridge,,,,759,2025-01-01,,Non-TexNet,Broadband
SC,WBN01,-103.6542578,32.0890922,,,,,1003,2025-01-01,,Non-TexNet,Broadband
SC,WBN02,-104.10458374,32.47423172,,,,,981,2025-01-01,,Non-TexNet,Broadband
4O,WW02,-103.803452,31.682472,Wes Water Holdings,,,,869,2025-09-23,,Non-TexNet,Broadband
2T,EF79,-98.5130556,28.386944,University of Texas,TXHUB,,McMullen County,85,2025-11-04,,TexNet Portable,Broadband
HZ,MBA02,-101.432612,31.191402,,,,,818,2019-05-24,,Non-TexNet,Short period
HZ,MBA01,-102.008147,32.036953,,,,,855,2019-05-24,,Non-TexNet,Short period
HZ,MBA03,-101.946126,31.792863,,,,,808,2019-05-24,,Non-TexNet,Short period
HZ,MBA04,-102.153087,32.282502,,,,,876,2019-05-24,,Non-TexNet,Short period
HZ,MBB01,-101.949275,31.756545,,,,,-459,2019-05-24,,Non-TexNet,Short period
HZ,MBB02,-102.027308,31.933312,,,,,-0.471,2019-05-24,,Non-TexNet,Short period
HZ,MBB03,-101.968045,31.857881,,,,,-0.446,2019-05-24,,Non-TexNet,Short period
HZ,MBB06,-102.114066,32.250872,,,,,-0.463,2019-05-24,,Non-TexNet,Short period
HZ,MBB07,-101.73708,31.379127,,,,,-0.319,2019-05-24,,Non-TexNet,Short period
HZ,MBB08,-101.73487,32.285863,,,,,-204,2019-05-24,,Non-TexNet,Short period
HZ,MBB23,-101.745481,31.674805,,,,,-269,2019-05-24,,Non-TexNet,Short period
HZ,MBB25,-101.866515,31.805789,,,,,-400,2019-05-24,,Non-TexNet,Short period
HZ,MBB26,-102.002015,32.26907,,,,,-281,2019-05-24,,Non-TexNet,Short period
HZ,MBNS1,-102.114128,32.25056,,,,,786,2019-05-24,,Non-TexNet,Short period
HZ,MBNS2,-102.07683,32.295636,,,,,777,2019-05-24,,Non-TexNet,Short period
HZ,MBNS3,-101.709457,31.843938,,,,,727,2019-05-24,,Non-TexNet,Short period
HZ,MBS01,-102.114038,32.250887,,,,,864,2019-05-24,,Non-TexNet,Short period
HZ,MBB04,-102.021829,31.486064,,,,,-454,2019-05-24,,Non-TexNet,Short period
4O,OEP01,-101.9361,32.328,Overflow Energy Permian LLC,,,,863,2025-09-15,,Non-TexNet,Broadband
TX,ET05,-93.84327,31.34264,,,,,99,2026-01-07,,TexNet Portable,
AG,SHV1,-93.7748,32.7319,,,,Louisiana / Bossier Parish / Benton,68,2025-01-25,,Non-TexNet,Broadband
OK,LEXS,-101.47511,36.73363,,,,,930,2025-09-18,,Non-TexNet,Broadband
4O,DRO01,-102.0208,32.0219,Deep Rock Oil,,,,843,1980-01-01,,Non-TexNet,Broadband
4O,VEM01,-94.0279,31.6953,Ventana Midstream,,,,115,1980-01-01,,Non-TexNet,Broadband
TX,PP22,-103.076294,31.211658,,,,Coyanosa,808,2026-02-18,,TexNet Portable,
TX,DALS,-96.784125,32.845893,,,,,187,2026-02-28,,TexNet Permanent,Broadband
4O,WB10copy,-103.7218932,31.93042,Waterbridge,,,"Loving Co., TX",910.9,2022-08-26,2022-08-26,Non-TexNet,Broadband
2T,E79AR,-98.5130556,28.386944,University of Texas,TXHUB,,McMullen County,85,2026-04-16,,TexNet Portable,
2T,E52AR,-98.20175,28.84362,University of Texas,TXHUB,,"Campbellton, TX",115,2026-04-16,,TexNet Portable,
2T,E76AR,-98.1947,28.5203,University of Texas,TXHUB,,"Three Rivers, TX",48,2026-04-16,,TexNet Portable,
2T,E59AR,-98.4191,28.9501,University of Texas,TXHUB,,"Coughran, TX",98.1,2026-04-17,,TexNet Portable,
2T,E74AR,-98.4242,28.4376,University of Texas,TXHUB,,"Calliham, TX",95.2,2026-04-23,,TexNet Portable,
2T,E58AR,-98.723,28.8365,University of Texas,TXHUB,,"Charlotte, TX",137,2026-04-23,,TexNet Portable,
IM,TX12,-103.696419,29.325899,,,,,1028,2025-09-22,,Non-TexNet,Raspberry Shake
2T,EF81,-99.171106,28.656171,University of Texas,TXHUB,,Frio County,134,2026-05-27,,TexNet Portable,Broadband
OK,SAYRE,-99.705453,35.411686,,,,,647,2026-05-13,,Non-TexNet,Broadband
OK,ELI2,-99.43687,36.048211,,,,,642,2025-05-14,,Non-TexNet,Broadband
OK,ELKC,-99.415203,35.382023,,,,,598,2026-05-13,,Non-TexNet,Broadband
SC,RH1,-103.518215,32.214585,,,,,1093.9,2022-05-05,,Non-TexNet,Broadband
SC,QHY,-104.361485,32.374036,,,,,1049,2026-04-22,,Non-TexNet,Broadband
SC,NWP,-103.893003,32.796965,,,,,1135,2026-04-24,,Non-TexNet,Broadband
SC,MON,-103.360803,32.676816,,,,,1166,2026-04-25,,Non-TexNet,Broadband
SC,HOP,-104.951943,32.868961,,,,,1450,2026-04-23,,Non-TexNet,Broadband
SC,HBL,-104.099851,32.601281,,,,,1000,2026-04-22,,Non-TexNet,Broadband
SC,EUN,-103.134871,32.503365,,,,,1073,2026-04-26,,Non-TexNet,Broadband
TX,PH07,-100.931617,35.540628,,,,Gary County,978,2026-07-08,,TexNet Portable,
4O,WB15,-103.04432678,32.331569672,,,,,1014,2026-07-13,,Non-TexNet,Broadband
4O,WB17,-103.04138947,32.284599304,,,,,979.7,2026-07-13,,Non-TexNet,Broadband
4O,WB18,-102.99897965,32.35319909,,,,,998.2,2026-07-13,,Non-TexNet,Broadband
4O,WB19,-102.99902344,32.262950897,,,,,977,2026-07-13,,Non-TexNet,Broadband
4O,WB20,-102.99910736,32.305160522,,,,,991.9,2026-07-13,,Non-TexNet,Broadband
4O,VEM02,-94.1397,31.4792,,,,,83,2027-07-12,,Non-TexNet,Broadband